title,house_type,area,orientation,decoration,floor,year_built,building_type,price,price_per_m,position,followers,publish_time
景泰西里西区 ,2室1厅,90.56,东 西,简装,11层 ,暂无数据,板塔结合,626,69126.0,永定门,5人关注,4个月以前发布
华龙美晟 ,3室1厅,96.8,东,简装,低楼层(共12层) ,暂无数据,板塔结合,829,85641.0,永定门,32人关注,一年前发布
天娇园 ,2室1厅,91.48,东,简装,中楼层(共11层),2008年,板塔结合,939,102646.0,东花市,7人关注,4个月以前发布
景泰嘉园 ,2室1厅,104.0,南,精装,中楼层(共12层),2002年,塔楼,850,81731.0,永定门,18人关注,3个月以前发布
新世界家园 ,3室2厅,163.99,南 北,精装,高楼层(共12层) ,暂无数据,板楼,2300,140253.0,崇文门,12人关注,2个月以前发布
东花市北里中区 ,3室2厅,101.62,南 北,其他,低楼层(共6层) ,暂无数据,板楼,1220,120056.0,东花市,1人关注,11天以前发布
天利园 ,2室1厅,92.84,南 北,精装,底层(共16层),2003年,板塔结合,899,96834.0,广渠门,0人关注,1个月以前发布
东花市北里中区 ,2室2厅,95.11,南 北,精装,中楼层(共5层) ,暂无数据,板楼,888,93366.0,东花市,29人关注,4个月以前发布
法华南里 ,3室1厅,97.93,南 北,其他,地下室(共6层),1990年,板楼,830,84755.0,崇文门,4人关注,1个月以前发布
左安浦园 ,2室1厅,96.64,西,简装,底层(共14层),2004年,板塔结合,699,72331.0,左安门,5人关注,1个月以前发布
板厂新里 ,2室1厅,102.06,南 北,简装,顶层(共4层),1990年,板楼,1165,114149.0,广渠门,22人关注,一年前发布
东花市北里中区 ,2室2厅,105.81,南 北,简装,中楼层(共5层) ,暂无数据,板楼,960,90729.0,东花市,6人关注,11天以前发布
兴隆都市馨园 ,3室2厅,99.54,南,精装,高楼层(共7层) ,暂无数据,板楼,860,86398.0,崇文门,118人关注,一年前发布
交道口东大街 ,3室2厅,101.28,南 西 北,简装,顶层(共9层) ,暂无数据,板塔结合,1350,133294.0,交道口,11人关注,3个月以前发布
崇文门东大街 ,3室1厅,104.99,南 北,其他,17层 ,暂无数据,塔楼,899,85628.0,崇文门,9人关注,1个月以前发布
兴隆都市馨园 ,3室1厅,94.59,南 北,其他,高楼层(共7层),2003年,板楼,748,79079.0,崇文门,8人关注,5个月以前发布
东四块玉南街4号院 ,3室1厅,153.68,南 北,其他,中楼层(共9层) ,暂无数据,板楼,1620,105414.0,左安门,3人关注,2个月以前发布
东中街 ,3室1厅,156.14,南 北,精装,中楼层(共9层) ,暂无数据,板塔结合,1488,95300.0,东直门,43人关注,6个月以前发布
海运仓小区 ,3室1厅,93.86,东北,其他,底层(共6层) ,暂无数据,板楼,920,98019.0,东直门,12人关注,3个月以前发布
花市枣苑三期 ,2室1厅,94.07,东 北,简装,中楼层(共17层) ,暂无数据,塔楼,1050,111620.0,东花市,3人关注,1个月以前发布
新景家园东区 ,3室1厅,90.65,南 北,精装,中楼层(共16层) ,暂无数据,板楼,995,109763.0,崇文门,7人关注,1个月以前发布
安馨园 ,3室1厅,162.17,北 南,精装,中楼层(共6层) ,暂无数据,板楼,2500,154160.0,安定门,3人关注,12天以前发布
新裕家园 ,2室1厅,102.06,南 北,简装,顶层(共17层) ,暂无数据,板楼,1280,125417.0,崇文门,46人关注,8个月以前发布
天利园 ,2室1厅,90.58,南 北,简装,低楼层(共16层),2003年,板塔结合,1023,112939.0,广渠门,19人关注,一年前发布
万国城MOMA ,2室1厅,91.98,西北,精装,底层(共26层) ,暂无数据,板塔结合,1200,130464.0,东直门,17人关注,6个月以前发布
新怡家园 ,3室2厅,177.91,南 北,精装,低楼层(共15层) ,暂无数据,板楼,2560,143893.0,崇文门,12人关注,2个月以前发布
法华南里 ,3室1厅,166.07,南 北,简装,中楼层(共6层),1996年,板楼,1350,81292.0,崇文门,41人关注,7个月以前发布
望坛新苑 ,3室1厅,98.85,南 北,精装,10层 ,暂无数据,板楼,870,88013.0,永定门,47人关注,1个月以前发布
水上华城 ,3室2厅,197.85,东南,精装,高楼层(共24层) ,暂无数据,板塔结合,1950,98560.0,广渠门,26人关注,5个月以前发布
东花市北里中区 ,2室2厅,101.83,南 北,精装,高楼层(共6层) ,暂无数据,板楼,899,88285.0,东花市,10人关注,一年前发布
体育馆路13号 ,3室1厅,101.38,南 北,其他,高楼层(共6层) ,暂无数据,板楼,1050,103571.0,崇文门,19人关注,9个月以前发布
新世界家园 ,2室1厅,108.78,西,其他,底层(共9层) ,暂无数据,板楼,1370,125943.0,崇文门,12人关注,6个月以前发布
新景家园东区 ,2室1厅,94.88,东南,精装,中楼层(共15层) ,暂无数据,板塔结合,950,100127.0,崇文门,16人关注,5个月以前发布
东环居苑 ,3室1厅,97.58,东北,精装,顶层(共18层),2004年,塔楼,880,90183.0,广渠门,44人关注,一年前发布
景泰西里西区 ,2室1厅,90.56,东 西,精装,11层 ,暂无数据,板塔结合,600,66255.0,永定门,14人关注,一年前发布
华龙美晟 ,2室1厅,91.9,东,精装,中楼层(共12层) ,暂无数据,板塔结合,699,76061.0,永定门,41人关注,11个月以前发布
鸿运花园 ,3室2厅,164.08,南 北,精装,底层(共6层),1996年,板楼,1600,97514.0,左安门,66人关注,一年前发布
兴隆都市馨园 ,3室2厅,95.24,南 北,其他,高楼层(共7层),2004年,板楼,1000,104998.0,崇文门,2人关注,17天以前发布
豆瓣胡同 ,3室2厅,108.14,东南,精装,中楼层(共10层) ,暂无数据,板楼,1378,127428.0,朝阳门内,10人关注,1个月以前发布
水上华城 ,3室2厅,165.81,南 北,精装,高楼层(共23层),2005年,板楼,1880,113383.0,广渠门,72人关注,一年前发布
朝阳门内大街75号院 ,3室1厅,96.08,南 北,简装,中楼层(共6层) ,暂无数据,板楼,1150,119692.0,朝阳门内,4人关注,15天以前发布
北京INN ,2室1厅,103.53,北,毛坯,顶层(共2层) ,暂无数据,板塔结合,490,47330.0,朝阳门内,2人关注,15天以前发布
巷上嘉园 ,2室1厅,96.6,西南,精装,中楼层(共24层) ,暂无数据,塔楼,1130,116978.0,安定门,5人关注,2个月以前发布
冠城名敦道A区 ,2室1厅,93.27,西,简装,23层,2010年,塔楼,489,52429.0,广渠门,2人关注,14天以前发布
巷上嘉园 ,2室2厅,99.27,东南,简装,中楼层(共24层),2005年,塔楼,1270,127934.0,安定门,3人关注,6个月以前发布
朝内大街136号院 ,3室1厅,92.73,南,其他,16层 ,暂无数据,塔楼,999,107733.0,朝阳门内,5人关注,1个月以前发布
东四块玉南街4号院 ,3室2厅,154.79,东 西,其他,中楼层(共7层) ,暂无数据,板楼,1498,96777.0,左安门,15人关注,5个月以前发布
北京上舍 ,2室1厅,105.09,西,精装,中楼层(共15层) ,暂无数据,塔楼,1000,95157.0,广渠门,16人关注,4个月以前发布
三秀涵雅 ,3室1厅,165.86,南,精装,低楼层(共18层) ,暂无数据,塔楼,1620,97673.0,安定门,11人关注,2个月以前发布
三秀涵雅 ,2室1厅,106.9,东 北 南,精装,低楼层(共18层) ,暂无数据,塔楼,850,79514.0,安定门,8人关注,1个月以前发布
和平里五区 ,3室2厅,92.68,南 北,精装,顶层(共6层) ,暂无数据,板楼,808,87182.0,和平里,3人关注,8天以前发布
三秀涵雅 ,3室1厅,164.64,南,精装,低楼层(共18层) ,暂无数据,塔楼,1600,97182.0,安定门,2人关注,3天以前发布
民安小区东扬威街 ,3室1厅,105.24,南 西 北,简装,中楼层(共11层) ,暂无数据,塔楼,950,90270.0,东直门,15人关注,1个月以前发布
民安小区东扬威街 ,3室1厅,103.29,南 北,其他,低楼层(共16层) ,暂无数据,塔楼,993,96138.0,东直门,10人关注,3个月以前发布
新奥洋房 ,3室1厅,104.37,南 北,简装,6层 ,暂无数据,板塔结合,830,79525.0,永定门,17人关注,2个月以前发布
华普花园 ,3室1厅,176.03,东,其他,中楼层(共22层) ,暂无数据,塔楼,1230,69875.0,东直门,7人关注,1个月以前发布
太华公寓 ,2室1厅,152.62,南,精装,高楼层(共17层),2000年,塔楼,1280,83869.0,崇文门,14人关注,一年前发布
天利园 ,2室1厅,101.78,南 北,精装,中楼层(共16层),2003年,板塔结合,1120,110042.0,广渠门,1人关注,3个月以前发布
西革新里108号院 ,2室1厅,92.49,南 北,简装,高楼层(共6层) ,暂无数据,板楼,620,67035.0,永定门,18人关注,一年前发布
东环居苑 ,3室1厅,99.52,东 北,精装,低楼层(共22层),2004年,塔楼,935,93951.0,广渠门,33人关注,9个月以前发布
东环居苑 ,3室1厅,99.52,西北,精装,中楼层(共22层) ,暂无数据,塔楼,959,96363.0,广渠门,15人关注,10个月以前发布
海晟名苑北区 ,2室1厅,95.78,西,精装,17层,2007年,板塔结合,998,104198.0,工体,11人关注,1个月以前发布
新怡家园 ,2室2厅,100.57,南 北,精装,底层(共13层) ,暂无数据,板楼,1450,144179.0,崇文门,18人关注,4个月以前发布
定安里 ,3室1厅,96.59,南 北,其他,中楼层(共4层) ,暂无数据,板楼,650,67295.0,永定门,1人关注,3天以前发布
冠城名敦道A区 ,2室1厅,93.27,西,精装,23层,2010年,塔楼,549,58862.0,广渠门,24人关注,一年前发布
东四块玉南街 ,2室1厅,97.87,南 北,精装,底层(共6层),1998年,板楼,900,91959.0,左安门,3人关注,1个月以前发布
新景家园东区 ,2室1厅,107.76,南 北,精装,中楼层(共13层) ,暂无数据,板塔结合,1320,122495.0,崇文门,45人关注,一年前发布
禾风相府 ,3室2厅,163.83,南 北,精装,中楼层(共14层) ,暂无数据,板塔结合,2480,151377.0,金宝街,19人关注,4个月以前发布
和平新城一期 ,3室2厅,152.14,东 南,简装,低楼层(共19层) ,暂无数据,板塔结合,1799,118247.0,和平里,20人关注,2个月以前发布
和平新城一期 ,3室1厅,158.45,东南,精装,低楼层(共20层) ,暂无数据,板塔结合,1920,121174.0,和平里,3人关注,25天以前发布
和平新城一期 ,3室2厅,152.14,东南,精装,中楼层(共19层) ,暂无数据,板塔结合,1880,123571.0,和平里,20人关注,7个月以前发布
海晟名苑南区 ,2室1厅,94.05,西,精装,中楼层(共17层) ,暂无数据,板塔结合,1400,148857.0,工体,18人关注,2个月以前发布
禄米仓胡同 ,3室1厅,94.83,南 北,其他,中楼层(共6层) ,暂无数据,板楼,1170,123379.0,朝阳门内,10人关注,4个月以前发布
安外东河沿 ,3室1厅,99.17,南 北,其他,底层(共16层) ,暂无数据,塔楼,1300,131089.0,安定门,2人关注,10天以前发布
华龙美晟 ,3室2厅,100.53,东南,精装,低楼层(共12层) ,暂无数据,板塔结合,828,82364.0,永定门,155人关注,8个月以前发布
普渡寺前巷 ,3室1厅,91.69,南 北,简装,底层(共1层) ,暂无数据,板楼,1550,169048.0,东单,8人关注,20天以前发布
富莱茵花园 ,3室1厅,91.08,东 南 北,简装,低楼层(共21层) ,暂无数据,塔楼,599,65767.0,永定门,15人关注,3个月以前发布
景泰西里西区 ,2室1厅,90.7,东 西,精装,11层 ,暂无数据,板塔结合,645,71114.0,永定门,8人关注,9个月以前发布
安外西河沿路2号院 ,2室1厅,92.17,南,精装,低楼层(共8层) ,暂无数据,板塔结合,1220,132365.0,安定门,13人关注,3个月以前发布
西营房 ,3室1厅,99.01,南,简装,低楼层(共16层) ,暂无数据,塔楼,1000,101000.0,安定门,13人关注,1个月以前发布
西营房 ,3室1厅,102.41,东 南 北,精装,低楼层(共19层) ,暂无数据,塔楼,899,87785.0,安定门,63人关注,3个月以前发布
安外西河沿路1号院 ,3室1厅,104.98,南 北,毛坯,中楼层(共21层) ,暂无数据,板塔结合,1490,141932.0,安定门,5人关注,24天以前发布
天天家园 ,2室1厅,100.82,西,简装,11层 ,暂无数据,塔楼,720,71415.0,永定门,8人关注,1个月以前发布
华龙美晟 ,3室2厅,108.46,南 北,其他,中楼层(共12层) ,暂无数据,板塔结合,899,82888.0,永定门,5人关注,5天以前发布
雍和家园一期 ,3室2厅,158.28,西南,简装,低楼层(共16层),2001年,板塔结合,1650,104246.0,和平里,56人关注,一年前发布
雍和家园一期 ,3室1厅,179.48,南 北,精装,高楼层(共16层),2001年,塔楼,2080,115891.0,和平里,65人关注,5个月以前发布
青年湖北里 ,3室1厅,98.71,南 北,简装,低楼层(共10层) ,暂无数据,板塔结合,960,97255.0,安定门,19人关注,1个月以前发布
望坛新苑 ,3室1厅,102.8,南,其他,11层 ,暂无数据,板楼,950,92413.0,永定门,13人关注,28天以前发布
东中街 ,3室2厅,94.11,南 北,简装,地下室(共6层) ,暂无数据,板楼,490,52067.0,东直门,2人关注,1个月以前发布
和平新城一期 ,3室1厅,152.14,东南,简装,中楼层(共19层) ,暂无数据,板塔结合,2140,140660.0,和平里,64人关注,一年前发布
长安太和 ,2室2厅,151.78,北,精装,低楼层(共24层),2012年,板楼,1420,93557.0,建国门内,2人关注,16天以前发布
万国城MOMA ,2室1厅,99.8,东,精装,中楼层(共24层),2007年,塔楼,1030,103207.0,东直门,24人关注,2个月以前发布
当代MOMA ,3室2厅,179.19,西南,其他,高楼层(共20层) ,暂无数据,塔楼,2050,114404.0,东直门,1人关注,3天以前发布
中海紫御公馆 ,2室2厅,91.86,南,精装,低楼层(共22层) ,暂无数据,板塔结合,1119,121816.0,陶然亭,65人关注,一年前发布
雍和家园一期 ,3室2厅,171.06,东南,简装,顶层(共16层) ,暂无数据,板塔结合,1755,102596.0,和平里,9人关注,13天以前发布
小取灯胡同8号院 ,3室1厅,93.73,南 北,其他,中楼层(共4层) ,暂无数据,板楼,1180,125894.0,东四,61人关注,一年前发布
当代MOMA ,3室2厅,151.59,南,精装,低楼层(共3层),2008年,板楼,2100,138532.0,东直门,25人关注,9个月以前发布
光明楼 ,3室1厅,92.27,南 北,精装,中楼层(共7层) ,暂无数据,板楼,980,106211.0,广渠门,5人关注,14天以前发布
海运仓小区 ,3室1厅,105.24,南 北,精装,高楼层(共9层) ,暂无数据,板塔结合,1180,112125.0,东直门,45人关注,8个月以前发布
望陶园小区 ,3室1厅,102.83,东 南 北,精装,低楼层(共18层) ,暂无数据,塔楼,750,72936.0,永定门,15人关注,7个月以前发布
禾风相府 ,3室2厅,163.81,南 北,简装,低楼层(共14层) ,暂无数据,板塔结合,1998,121971.0,金宝街,26人关注,2个月以前发布
东方财富 ,3室1厅,173.12,东南 西南,简装,中楼层(共15层),2006年,塔楼,1460,84335.0,广渠门,2人关注,6个月以前发布
当代MOMA ,2室2厅,151.51,南 西,精装,高楼层(共21层),2008年,塔楼,1950,128705.0,东直门,6人关注,1个月以前发布
青年湖南街 ,3室1厅,96.37,南 北,精装,顶层(共6层) ,暂无数据,板楼,1108,114974.0,安定门,6人关注,29天以前发布
新景家园东区 ,2室1厅,102.13,南 北,精装,中楼层(共12层) ,暂无数据,板塔结合,1268,124156.0,崇文门,7人关注,1个月以前发布
芳嘉园胡同 ,3室1厅,91.17,南 北,精装,顶层(共6层) ,暂无数据,板楼,849,93123.0,朝阳门内,8人关注,5个月以前发布
东环居苑 ,2室1厅,99.23,东南,精装,中楼层(共18层) ,暂无数据,塔楼,860,86668.0,广渠门,7人关注,3个月以前发布
宝润苑 ,3室2厅,196.46,东 西,精装,中楼层(共14层),1998年,塔楼,1498,76250.0,东花市,0人关注,21天以前发布
新世界中心 ,3室2厅,197.69,东南,精装,16层,1998年,塔楼,1180,59690.0,崇文门,11人关注,4个月以前发布
左安浦园 ,2室1厅,91.78,西北,简装,中楼层(共18层),2004年,板楼,690,75180.0,左安门,6人关注,1个月以前发布
新景家园东区 ,3室1厅,92.72,南,精装,底层(共12层) ,暂无数据,板楼,1018,109793.0,崇文门,4人关注,1个月以前发布
世纪大厦 ,2室1厅,104.45,东,精装,中楼层(共11层) ,暂无数据,板楼,625,59838.0,灯市口,26人关注,一年前发布
保利蔷薇 ,2室1厅,92.67,西,其他,中楼层(共16层),2007年,板塔结合,880,94961.0,广渠门,83人关注,4个月以前发布
广渠门外南街 ,3室1厅,90.13,西南,精装,低楼层(共12层) ,暂无数据,板塔结合,830,92090.0,广渠门,12人关注,7个月以前发布
金世纪嘉园 ,2室1厅,91.39,南 西南 北,精装,高楼层(共21层),2007年,塔楼,898,98261.0,广渠门,12人关注,21天以前发布
富贵园一区 ,3室2厅,166.55,南 北,简装,中楼层(共9层) ,暂无数据,板楼,1830,109877.0,东花市,49人关注,6个月以前发布
菊儿胡同 ,3室1厅,106.94,南 北,简装,底层(共4层) ,暂无数据,板楼,1230,115018.0,地安门,19人关注,1个月以前发布
保利蔷薇 ,2室1厅,95.14,东,精装,低楼层(共16层),2007年,板塔结合,899,94493.0,广渠门,99人关注,9个月以前发布
水上华城 ,3室2厅,165.81,南 北,其他,高楼层(共23层),2005年,板楼,1880,113383.0,广渠门,7人关注,23天以前发布
贡院九号 ,3室1厅,177.19,西南,简装,低楼层(共18层),2000年,板塔结合,1550,87477.0,建国门内,34人关注,8个月以前发布
贡院九号 ,2室1厅,160.36,南,精装,低楼层(共18层),2000年,板塔结合,1600,99776.0,建国门内,7人关注,1个月以前发布
崇文门东大街 ,3室1厅,104.98,南 北,简装,17层 ,暂无数据,塔楼,888,84588.0,崇文门,9人关注,2个月以前发布
民旺园十九号院 ,2室1厅,104.4,南 北,简装,中楼层(共7层) ,暂无数据,板楼,1025,98181.0,和平里,2人关注,30天以前发布
官书院 ,2室1厅,100.09,南 北,精装,底层(共6层) ,暂无数据,板楼,1350,134879.0,安定门,2人关注,14天以前发布
和平里中街3号院 ,3室1厅,95.05,东 南 北,精装,中楼层(共20层),2007年,塔楼,1199,126145.0,和平里,99人关注,2个月以前发布
报房胡同 ,3室1厅,92.33,东 南 北,简装,中楼层(共5层) ,暂无数据,板楼,960,103975.0,灯市口,27人关注,5个月以前发布
建予园 ,2室1厅,95.11,东南,精装,中楼层(共16层) ,暂无数据,塔楼,720,75702.0,永定门,37人关注,一年前发布
美惠大厦 ,3室2厅,197.76,东南,其他,高楼层(共15层) ,暂无数据,塔楼,1298,65636.0,朝阳门外,4人关注,2个月以前发布
豆瓣胡同 ,3室1厅,101.21,东 北,简装,高楼层(共12层) ,暂无数据,板楼,1260,124494.0,朝阳门内,1人关注,1个月以前发布
花市枣苑二期 ,3室1厅,172.33,西南,简装,低楼层(共17层) ,暂无数据,塔楼,1700,98648.0,东花市,3人关注,1个月以前发布
海晟名苑南区 ,3室2厅,151.92,东 西,其他,高楼层(共22层),2005年,板塔结合,2090,137573.0,工体,30人关注,5个月以前发布
西革新里108号院 ,2室1厅,93.09,南 北,简装,中楼层(共6层) ,暂无数据,板楼,680,73048.0,永定门,4人关注,3个月以前发布
东水井胡同 ,3室1厅,93.15,东 西,精装,低楼层(共15层) ,暂无数据,板楼,890,95545.0,朝阳门内,9人关注,5个月以前发布
华龙美晟 ,2室1厅,95.2,东,精装,底层(共12层) ,暂无数据,板塔结合,700,73530.0,永定门,33人关注,10个月以前发布
朝阳门南小街 ,2室1厅,91.08,东 西,精装,14层 ,暂无数据,板塔结合,1050,115284.0,朝阳门内,2人关注,20天以前发布
雅安国际公寓 ,3室1厅,164.7,东 东南 南,精装,高楼层(共19层) ,暂无数据,塔楼,1618,98240.0,建国门内,16人关注,6个月以前发布
贡院九号 ,2室1厅,163.43,南 北,精装,低楼层(共18层),2000年,板塔结合,1320,80769.0,建国门内,33人关注,一年前发布
上龙西里 ,3室1厅,187.66,东南,简装,高楼层(共18层) ,暂无数据,塔楼,1750,93254.0,安定门,14人关注,2个月以前发布
和平里五区 ,3室2厅,92.68,南 北,精装,顶层(共6层) ,暂无数据,板楼,820,88477.0,和平里,39人关注,6个月以前发布
烧酒胡同3号院 ,3室1厅,109.56,南 北,其他,中楼层(共6层) ,暂无数据,板楼,1275,116375.0,朝阳门内,9人关注,3个月以前发布
冠城名敦道A区 ,2室1厅,91.26,西北,精装,高楼层(共23层) ,暂无数据,塔楼,540,59172.0,广渠门,11人关注,5个月以前发布
民安小区东直门内北小街 ,3室1厅,97.94,南 北,简装,底层(共14层) ,暂无数据,板楼,1130,115377.0,东直门,3人关注,3个月以前发布
民委三舍 ,2室1厅,101.04,南 北,精装,低楼层(共15层) ,暂无数据,板塔结合,1020,100951.0,和平里,46人关注,6个月以前发布
国瑞城西区 ,2室1厅,107.75,东北,精装,高楼层(共16层),2009年,塔楼,910,84455.0,崇文门,4人关注,1个月以前发布
玉石胡同 ,3室1厅,91.33,南 北,简装,高楼层(共6层) ,暂无数据,板楼,985,107851.0,灯市口,34人关注,一年前发布
和平新城一期 ,2室1厅,109.38,南 东,精装,中楼层(共19层) ,暂无数据,板塔结合,1450,132566.0,和平里,40人关注,一年前发布
左安漪园 ,2室2厅,95.8,东,精装,高楼层(共17层) ,暂无数据,板塔结合,1030,107516.0,左安门,5人关注,1个月以前发布
左安浦园 ,2室1厅,104.85,南 北,精装,高楼层(共18层),2004年,板楼,920,87745.0,左安门,20人关注,一年前发布
京城仁合 ,2室1厅,100.14,东,简装,中楼层(共16层) ,暂无数据,板楼,1180,117836.0,广渠门,10人关注,一年前发布
安外花园 ,3室1厅,95.77,南 北,精装,底层(共12层) ,暂无数据,板塔结合,810,84578.0,和平里,8人关注,2个月以前发布
报房胡同 ,3室1厅,91.2,东 南 西 北,简装,底层(共1层) ,暂无数据,平房,1950,213816.0,灯市口,18人关注,4个月以前发布
金世纪嘉园 ,3室2厅,155.47,西南,简装,低楼层(共21层) ,暂无数据,塔楼,1390,89407.0,广渠门,32人关注,一年前发布
金世纪嘉园 ,2室1厅,108.11,东南 北,精装,高楼层(共21层),2003年,塔楼,995,92036.0,广渠门,32人关注,一年前发布
法华南里 ,3室2厅,108.55,东南 北,简装,底层(共6层) ,暂无数据,板楼,1049,96638.0,崇文门,16人关注,3个月以前发布
交道口东大街 ,3室1厅,100.83,南 北,简装,低楼层(共12层) ,暂无数据,板塔结合,1400,138848.0,交道口,12人关注,3个月以前发布
聚龙花园 ,3室1厅,178.68,南 北,精装,中楼层(共8层),1996年,板楼,1290,72197.0,工体,48人关注,一年前发布
府上嘉园 ,2室1厅,92.73,西,精装,顶层(共5层),2008年,板塔结合,1030,111076.0,安定门,4人关注,1个月以前发布
新奥洋房 ,2室1厅,97.18,东 西,简装,11层,2006年,板塔结合,699,71929.0,永定门,17人关注,4个月以前发布
交道口东大街 ,2室1厅,95.42,东 南 西 北,其他,高楼层(共10层) ,暂无数据,板塔结合,1240,129952.0,交道口,4人关注,5个月以前发布
元嘉国际公寓 ,3室2厅,185.66,东北,精装,中楼层(共7层) ,暂无数据,塔楼,1230,66251.0,东直门,9人关注,6个月以前发布
东直门外大街(东城） ,3室1厅,99.8,南 北,精装,中楼层(共14层) ,暂无数据,板塔结合,980,98197.0,东直门,61人关注,7个月以前发布
恒基中心 ,3室1厅,168.41,西北,精装,中楼层(共23层) ,暂无数据,板塔结合,1120,66505.0,建国门内,9人关注,21天以前发布
富贵园一区 ,2室1厅,91.74,东 南,精装,低楼层(共11层),2004年,板楼,1198,130587.0,东花市,80人关注,6个月以前发布
水上华城 ,3室1厅,161.74,东 西,其他,中楼层(共20层),2004年,板楼,1500,92742.0,广渠门,12人关注,2个月以前发布
国瑞城西区 ,2室1厅,105.36,西北,其他,高楼层(共16层),2009年,塔楼,980,93015.0,崇文门,0人关注,1个月以前发布
国瑞城中区 ,3室2厅,160.25,南 北,精装,中楼层(共16层),2006年,板楼,1990,124181.0,崇文门,21人关注,3个月以前发布
东花市北里中区 ,2室2厅,105.81,南 北,精装,中楼层(共5层) ,暂无数据,板楼,1150,108686.0,东花市,2人关注,21天以前发布
天天家园 ,2室1厅,100.82,东,精装,11层 ,暂无数据,塔楼,739,73299.0,永定门,9人关注,1个月以前发布
本家润园C区 ,3室1厅,97.45,东南,精装,低楼层(共18层) ,暂无数据,板塔结合,1020,104670.0,东花市,48人关注,3个月以前发布
东花市北里中区 ,2室2厅,105.81,南 北,精装,顶层(共5层) ,暂无数据,板楼,850,80333.0,东花市,56人关注,一年前发布
望陶园小区 ,3室1厅,102.83,东南 北,简装,高楼层(共18层) ,暂无数据,塔楼,728,70797.0,永定门,81人关注,一年前发布
领行国际 ,2室1厅,106.08,西,其他,高楼层(共21层),2005年,板塔结合,950,89556.0,广渠门,1人关注,2个月以前发布
东环居苑 ,2室1厅,94.9,南 北,精装,底层(共18层) ,暂无数据,塔楼,854,89990.0,广渠门,8人关注,3个月以前发布
天利园 ,2室1厅,92.84,南 北,精装,中楼层(共16层),2003年,板塔结合,915,98557.0,广渠门,9人关注,5个月以前发布
兴隆都市馨园 ,3室2厅,105.06,南 北,其他,高楼层(共7层) ,暂无数据,板楼,980,93281.0,崇文门,20人关注,一年前发布
花市枣苑二期 ,3室2厅,183.8,东南,其他,低楼层(共19层) ,暂无数据,塔楼,1849,100599.0,东花市,7人关注,9个月以前发布
国瑞城中区 ,3室1厅,90.31,西南,简装,低楼层(共16层) ,暂无数据,板塔结合,898,99436.0,崇文门,53人关注,4个月以前发布
宝轩大厦 ,3室2厅,172.69,南 北,精装,高楼层(共14层) ,暂无数据,板楼,1230,71226.0,东花市,29人关注,一年前发布
国瑞城中区 ,3室1厅,94.41,南,精装,低楼层(共11层),2006年,塔楼,980,103803.0,崇文门,45人关注,6个月以前发布
华龙美晟 ,2室1厅,90.52,西,简装,低楼层(共12层),2009年,板塔结合,729,80535.0,永定门,4人关注,4个月以前发布
天利园 ,2室2厅,101.78,南 北,简装,低楼层(共16层),2003年,板塔结合,999,98153.0,广渠门,1人关注,1个月以前发布
东四块玉南街4号院 ,3室2厅,154.79,东 西,其他,中楼层(共7层) ,暂无数据,板楼,1450,93676.0,左安门,34人关注,7个月以前发布
香饵胡同 ,3室1厅,91.98,南 西 北,简装,底层(共6层) ,暂无数据,板楼,1220,132638.0,交道口,4人关注,1个月以前发布
崇文门东大街 ,3室1厅,99.83,南 北,简装,17层 ,暂无数据,塔楼,999,100071.0,崇文门,29人关注,10个月以前发布
宝润苑 ,3室2厅,196.46,东 西,精装,高楼层(共14层) ,暂无数据,塔楼,1520,77370.0,东花市,10人关注,一年前发布
美惠大厦 ,2室2厅,184.71,东,精装,高楼层(共15层) ,暂无数据,塔楼,1288,69731.0,朝阳门外,4人关注,7个月以前发布
小黄庄一区 ,3室1厅,107.54,东 西 北,简装,中楼层(共21层) ,暂无数据,板塔结合,1080,100428.0,安贞,10人关注,一年前发布
小黄庄一区 ,3室1厅,75.25,南 北,简装,高楼层(共12层) ,暂无数据,板楼,799,106180.0,安贞,22人关注,3个月以前发布
安德里北街25号院 ,3室2厅,109.75,东 北 东北,精装,低楼层(共17层) ,暂无数据,塔楼,891,81185.0,安定门,48人关注,3个月以前发布
中海紫御公馆 ,2室2厅,92.52,南 西 北,精装,中楼层(共22层) ,暂无数据,板塔结合,1210,130783.0,陶然亭,37人关注,1个月以前发布
天天家园 ,2室1厅,102.06,东,简装,11层,2002年,塔楼,649,63591.0,永定门,34人关注,1个月以前发布
景泰西里西区 ,3室1厅,95.75,东,精装,11层 ,暂无数据,板塔结合,675,70497.0,永定门,23人关注,13天以前发布
和平里中街3号院 ,3室1厅,106.98,东南,精装,低楼层(共21层) ,暂无数据,塔楼,1220,114041.0,和平里,33人关注,2个月以前发布
富贵园一区 ,2室2厅,93.22,南 北,简装,中楼层(共10层) ,暂无数据,板楼,1280,137310.0,东花市,3人关注,6天以前发布
水上华城 ,3室2厅,196.89,东 西,精装,低楼层(共20层),2004年,板楼,1659,84261.0,广渠门,17人关注,7个月以前发布
朝阳首府 ,3室1厅,183.39,东 南 西 北,精装,中楼层(共11层) ,暂无数据,板楼,1575,85883.0,朝阳门内,63人关注,5个月以前发布
安外西河沿路1号院 ,2室1厅,91.86,南 北,精装,高楼层(共21层) ,暂无数据,板塔结合,1150,125191.0,安定门,11人关注,2个月以前发布
新奥洋房 ,2室2厅,108.13,南 北,精装,8层 ,暂无数据,板楼,890,82309.0,永定门,65人关注,4个月以前发布
东花市北里中区 ,2室2厅,105.81,南 北,简装,底层(共5层) ,暂无数据,板楼,960,90729.0,东花市,6人关注,12天以前发布
北京上舍 ,2室1厅,91.75,东 西,简装,低楼层(共15层) ,暂无数据,塔楼,850,92644.0,广渠门,14人关注,31天以前发布
东花市北里中区 ,2室2厅,104.9,南 北,精装,中楼层(共5层) ,暂无数据,板楼,960,91516.0,东花市,24人关注,1个月以前发布
和平新城一期 ,3室2厅,158.07,西南,简装,高楼层(共19层) ,暂无数据,板塔结合,1680,106283.0,和平里,23人关注,2个月以前发布
恒基中心 ,3室1厅,160.56,东,简装,中楼层(共23层) ,暂无数据,板塔结合,915,56989.0,建国门内,6人关注,1个月以前发布
雅安国际公寓 ,3室2厅,173.21,东南 西南,其他,低楼层(共19层) ,暂无数据,塔楼,1718,99186.0,建国门内,6人关注,4个月以前发布
景泰嘉园 ,2室1厅,108.58,东,精装,中楼层(共11层),2002年,塔楼,750,69074.0,永定门,19人关注,一年前发布
建国门北大街5号 ,3室1厅,156.82,东,简装,中楼层(共24层),2008年,板楼,750,47826.0,建国门内,9人关注,5个月以前发布
安乐林二条 ,3室1厅,91.49,南 西 北,精装,顶层(共6层) ,暂无数据,板楼,570,62302.0,永定门,20人关注,2个月以前发布
富莱茵花园 ,3室1厅,98.38,东 南 北,简装,中楼层(共21层),1995年,塔楼,635,64546.0,永定门,50人关注,一年前发布
安乐林二条 ,3室1厅,90.51,南 北 西,精装,中楼层(共6层) ,暂无数据,板楼,599,66181.0,永定门,119人关注,一年前发布
东直门外大街(东城） ,3室1厅,99.8,南 北,简装,低楼层(共14层) ,暂无数据,板塔结合,868,86974.0,东直门,26人关注,3个月以前发布
工体3号 ,2室2厅,101.55,东,精装,中楼层(共17层),2013年,塔楼,710,69917.0,工体,18人关注,一年前发布
阳光都市 ,2室1厅,157.55,西,简装,低楼层(共24层) ,暂无数据,塔楼,1586,100667.0,工体,6人关注,8个月以前发布
和平新城一期 ,3室2厅,152.14,南 东,精装,中楼层(共19层) ,暂无数据,板塔结合,2100,138031.0,和平里,23人关注,一年前发布
新景家园东区 ,2室1厅,102.13,南 北,精装,顶层(共12层) ,暂无数据,板塔结合,1200,117498.0,崇文门,14人关注,4个月以前发布
阳光都市 ,2室1厅,102.98,西,简装,高楼层(共24层) ,暂无数据,塔楼,980,95165.0,工体,39人关注,3个月以前发布
冠城名敦道A区 ,2室1厅,93.13,东,精装,低楼层(共23层) ,暂无数据,塔楼,550,59058.0,广渠门,11人关注,一年前发布
冠城名敦道A区 ,2室1厅,93.13,东,精装,低楼层(共23层) ,暂无数据,塔楼,550,59058.0,广渠门,8人关注,一年前发布
安外东河沿 ,3室2厅,96.62,南 北 西,精装,底层(共7层) ,暂无数据,板楼,1120,115919.0,安定门,15人关注,2个月以前发布
东花市北里中区 ,2室2厅,106.32,南 北,精装,底层(共6层) ,暂无数据,板楼,1000,94056.0,东花市,4人关注,11天以前发布
豆瓣胡同 ,3室1厅,101.21,东 北,精装,低楼层(共12层) ,暂无数据,板楼,1277,126174.0,朝阳门内,3人关注,16天以前发布
东直门内北小街2号院 ,2室1厅,105.71,东,精装,中楼层(共20层) ,暂无数据,板塔结合,875,82774.0,东直门,7人关注,20天以前发布
上龙嘉园 ,3室2厅,152.57,东 西,精装,高楼层(共14层) ,暂无数据,板楼,1410,92417.0,安定门,7人关注,2个月以前发布
富莱茵花园 ,3室1厅,98.38,南 西 北,简装,中楼层(共21层) ,暂无数据,塔楼,665,67596.0,永定门,23人关注,7个月以前发布
花市枣苑一期 ,3室1厅,157.51,西南,简装,高楼层(共18层),2002年,塔楼,1588,100819.0,东花市,18人关注,3个月以前发布
中海紫御公馆 ,2室2厅,90.64,南 北,精装,顶层(共19层) ,暂无数据,板塔结合,1260,139012.0,陶然亭,63人关注,9个月以前发布
沙子口路50号 ,2室1厅,97.17,南 北,简装,高楼层(共18层) ,暂无数据,塔楼,598,61542.0,永定门,10人关注,一年前发布
领行国际 ,2室1厅,95.33,东北,精装,低楼层(共21层),2005年,板塔结合,820,86017.0,广渠门,5人关注,1个月以前发布
左安漪园 ,2室1厅,102.7,东 南 北,简装,低楼层(共10层) ,暂无数据,板塔结合,950,92503.0,左安门,6人关注,15天以前发布
新裕家园 ,2室1厅,92.53,东 南 北,精装,高楼层(共13层),2007年,板楼,1365,147520.0,崇文门,19人关注,1个月以前发布
华普花园 ,2室2厅,171.2,南,简装,低楼层(共22层) ,暂无数据,塔楼,1050,61332.0,东直门,6人关注,16天以前发布
鸿运花园 ,3室2厅,176.05,南 北,简装,中楼层(共6层) ,暂无数据,板楼,1499,85147.0,左安门,58人关注,9个月以前发布
幸福家园三期 ,2室1厅,97.04,东南,简装,低楼层(共18层) ,暂无数据,板塔结合,1250,128813.0,广渠门,40人关注,6个月以前发布
巷上嘉园 ,2室2厅,99.27,西南,简装,中楼层(共24层),2005年,塔楼,1120,112824.0,安定门,6人关注,6个月以前发布
东四块玉南街4号院 ,3室2厅,160.44,南,其他,中楼层(共7层) ,暂无数据,板楼,1770,110322.0,左安门,12人关注,3个月以前发布
雅安国际公寓 ,3室1厅,167.52,东南,其他,高楼层(共19层) ,暂无数据,塔楼,1500,89542.0,建国门内,8人关注,4个月以前发布
国瑞城中区 ,3室2厅,157.42,南 北,精装,中楼层(共16层),2006年,板楼,1745,110850.0,崇文门,12人关注,2个月以前发布
东四块玉南街4号院 ,3室2厅,161.12,南 北,其他,低楼层(共7层) ,暂无数据,板楼,1800,111718.0,左安门,1人关注,1个月以前发布
兴隆都市馨园 ,3室1厅,95.24,南 北,精装,高楼层(共7层),2004年,板楼,849,89144.0,崇文门,22人关注,一年前发布
安馨园 ,3室2厅,162.34,东 南 北,简装,高楼层(共6层) ,暂无数据,板楼,2500,153998.0,安定门,29人关注,4个月以前发布
当代MOMA ,3室1厅,152.04,东北,精装,中楼层(共21层),2008年,塔楼,1900,124968.0,东直门,22人关注,4个月以前发布
华普花园 ,3室2厅,179.21,东,精装,高楼层(共22层) ,暂无数据,塔楼,1250,69751.0,东直门,36人关注,3个月以前发布
建国门北大街5号 ,2室1厅,160.18,南,精装,中楼层(共24层),2008年,板楼,900,56187.0,建国门内,9人关注,6个月以前发布
贡院九号 ,3室1厅,177.19,西北,精装,中楼层(共18层) ,暂无数据,板塔结合,1600,90299.0,建国门内,15人关注,6个月以前发布
左安溪园 ,2室1厅,101.12,南 北,简装,顶层(共16层),2007年,板塔结合,1260,124605.0,左安门,47人关注,8个月以前发布
阳光都市 ,2室1厅,162.3,西,简装,低楼层(共24层) ,暂无数据,塔楼,1590,97967.0,工体,1人关注,1个月以前发布
建国门北大街5号 ,2室2厅,156.82,东,精装,低楼层(共24层),2008年,板楼,845,53884.0,建国门内,4人关注,3个月以前发布
阳光都市 ,2室1厅,157.55,东,其他,底层(共24层) ,暂无数据,塔楼,1250,79340.0,工体,7人关注,1个月以前发布
阳光都市 ,2室1厅,162.3,西南,精装,中楼层(共24层) ,暂无数据,塔楼,1460,89957.0,工体,14人关注,一年前发布
新景家园东区 ,2室1厅,102.09,南 北,精装,低楼层(共12层),2010年,板塔结合,1430,140073.0,崇文门,3人关注,4个月以前发布
冠城名敦道B区 ,3室2厅,179.31,南 北,精装,低楼层(共27层) ,暂无数据,板楼,2050,114328.0,广渠门,7人关注,2个月以前发布
冠城名敦道A区 ,2室1厅,93.13,东,简装,中楼层(共23层) ,暂无数据,塔楼,600,64427.0,广渠门,4人关注,一年前发布
冠城名敦道B区 ,3室1厅,179.31,南 北,精装,中楼层(共27层) ,暂无数据,板楼,2280,127155.0,广渠门,13人关注,6个月以前发布
冠城名敦道B区 ,3室2厅,179.31,南 北,精装,高楼层(共27层) ,暂无数据,板楼,2280,127155.0,广渠门,34人关注,9个月以前发布
冠城名敦道A区 ,2室1厅,93.27,西,精装,23层,2010年,塔楼,550,58969.0,广渠门,21人关注,一年前发布
禾风相府 ,2室1厅,96.26,东,简装,低楼层(共14层) ,暂无数据,板楼,1220,126741.0,金宝街,1人关注,3个月以前发布
花市枣苑二期 ,3室1厅,162.28,西南,其他,顶层(共19层) ,暂无数据,塔楼,1633,100629.0,东花市,4人关注,7个月以前发布
花市枣苑二期 ,3室1厅,162.28,东南,简装,顶层(共19层) ,暂无数据,塔楼,1633,100629.0,东花市,8人关注,7个月以前发布
阳光都市 ,3室1厅,171.26,西南 南,精装,底层(共25层) ,暂无数据,塔楼,1750,102184.0,工体,10人关注,3个月以前发布
东花市北里中区 ,2室2厅,95.24,南 北,精装,底层(共6层),1994年,板楼,919,96494.0,东花市,6人关注,4个月以前发布
美惠大厦 ,3室1厅,187.1,东 西,简装,顶层(共15层),1998年,塔楼,1350,72154.0,朝阳门外,2人关注,2个月以前发布
京香福苑 ,2室2厅,101.99,南 北,精装,中楼层(共6层) ,暂无数据,板楼,1300,127464.0,地安门,17人关注,3个月以前发布
烧酒胡同3号院 ,3室1厅,102.11,南 北,其他,中楼层(共6层) ,暂无数据,板楼,1230,120459.0,朝阳门内,5人关注,31天以前发布
本家润园C区 ,3室1厅,97.45,东南,简装,高楼层(共18层) ,暂无数据,板塔结合,1020,104670.0,东花市,22人关注,7个月以前发布
富贵园一区 ,2室2厅,103.02,东 南 北,精装,中楼层(共12层),2004年,板楼,1300,126190.0,东花市,22人关注,一年前发布
聚龙花园 ,3室1厅,176.69,东,精装,中楼层(共12层) ,暂无数据,塔楼,1490,84329.0,工体,0人关注,3个月以前发布
雍和家园一期 ,3室1厅,179.61,南 北,简装,中楼层(共16层) ,暂无数据,板塔结合,2230,124158.0,和平里,46人关注,6个月以前发布
盛德紫阙 ,2室1厅,105.73,南 西,其他,中楼层(共20层) ,暂无数据,板塔结合,1060,100256.0,和平里,0人关注,1个月以前发布
兴化西里 ,3室1厅,90.65,东 西,精装,顶层(共6层) ,暂无数据,板楼,800,88252.0,和平里,13人关注,4个月以前发布
安圣苑 ,3室1厅,107.19,西北,简装,中楼层(共18层),2000年,板楼,900,83964.0,安贞,4人关注,1个月以前发布
安圣苑 ,2室1厅,107.74,西,精装,中楼层(共20层) ,暂无数据,塔楼,1030,95601.0,安贞,2人关注,1个月以前发布
安圣苑 ,2室1厅,96.0,东 东南,精装,中楼层(共18层) ,暂无数据,板楼,950,98959.0,安贞,8人关注,3个月以前发布
安圣苑 ,2室1厅,99.04,东南,精装,中楼层(共18层) ,暂无数据,板楼,1030,103999.0,安贞,5人关注,6个月以前发布
安定路 ,3室1厅,78.74,东 南,简装,低楼层(共18层) ,暂无数据,塔楼,758,96267.0,安贞,7人关注,2个月以前发布
安外大街 ,3室1厅,81.73,东北,简装,低楼层(共16层) ,暂无数据,板楼,799,97761.0,安贞,5人关注,2个月以前发布
和平里七区 ,3室1厅,105.47,南 北,简装,低楼层(共3层) ,暂无数据,板楼,1050,99555.0,和平里,39人关注,6个月以前发布
民安小区东直门内北小街 ,3室1厅,98.64,南 西,简装,低楼层(共16层) ,暂无数据,板楼,1070,108476.0,东直门,22人关注,1个月以前发布
保利蔷薇 ,2室1厅,97.11,东南,精装,中楼层(共16层),2007年,板塔结合,1080,111215.0,广渠门,58人关注,2个月以前发布
东直门内北小街16号 ,3室1厅,96.97,东 西,简装,中楼层(共10层) ,暂无数据,板塔结合,780,80438.0,东直门,34人关注,4个月以前发布
远洋德邑 ,2室1厅,102.28,东,其他,中楼层(共14层),2002年,板塔结合,1100,107548.0,广渠门,4人关注,4个月以前发布
永铁苑 ,3室1厅,108.16,西北,简装,高楼层(共22层) ,暂无数据,塔楼,760,70267.0,永定门,33人关注,一年前发布
东四块玉北街 ,3室1厅,93.42,东 南 北,毛坯,高楼层(共6层) ,暂无数据,板楼,799,85528.0,左安门,41人关注,6个月以前发布
新奥洋房 ,2室2厅,92.08,东 西 北,精装,6层 ,暂无数据,板塔结合,760,82537.0,永定门,48人关注,一年前发布
东环广场 ,3室1厅,173.01,东北,精装,低楼层(共31层) ,暂无数据,板楼,1110,64159.0,东直门,14人关注,5个月以前发布
盛德紫阙 ,3室1厅,156.51,东南 北,精装,高楼层(共20层) ,暂无数据,板塔结合,2000,127788.0,和平里,4人关注,19天以前发布
富瑞苑 ,3室1厅,92.47,东,其他,高楼层(共15层),1998年,塔楼,798,86299.0,广渠门,36人关注,10个月以前发布
左安浦园 ,2室1厅,92.23,东北,简装,低楼层(共18层),2004年,板楼,790,85656.0,左安门,11人关注,一年前发布
民旺园十九号院 ,2室1厅,104.4,南 北,精装,高楼层(共7层) ,暂无数据,板楼,1080,103449.0,和平里,1人关注,2个月以前发布
仓南胡同14号院 ,3室1厅,97.55,东 南 北,精装,高楼层(共6层) ,暂无数据,板楼,1080,110713.0,朝阳门内,6人关注,5个月以前发布
盛德紫阙 ,2室1厅,105.73,南,其他,中楼层(共20层) ,暂无数据,板塔结合,930,87960.0,和平里,9人关注,1个月以前发布
华龙美晟 ,2室1厅,94.45,东 西,精装,高楼层(共12层),2009年,板塔结合,788,83431.0,永定门,15人关注,2个月以前发布
建国门北大街5号 ,3室1厅,160.18,南,简装,低楼层(共24层),2008年,板楼,760,47447.0,建国门内,5人关注,1个月以前发布
中海紫御公馆 ,2室2厅,90.35,南,精装,顶层(共19层),2010年,板塔结合,1100,121749.0,陶然亭,24人关注,4个月以前发布
城市亮点 ,3室1厅,92.66,东北,其他,中楼层(共12层) ,暂无数据,板塔结合,780,84179.0,永定门,14人关注,2个月以前发布
胡家园小区 ,2室1厅,94.28,南 东南,精装,底层(共10层) ,暂无数据,板塔结合,760,80611.0,东直门,29人关注,3个月以前发布
康鸿家园 ,2室2厅,103.17,南 北,精装,顶层(共6层) ,暂无数据,板楼,1260,122129.0,和平里,1人关注,12天以前发布
小黄庄一区 ,2室1厅,54.8,东 西,精装,底层(共6层) ,暂无数据,板楼,790,144161.0,安贞,4人关注,10个月以前发布
兴化西里 ,3室1厅,77.81,南,精装,中楼层(共5层) ,暂无数据,板楼,790,101530.0,和平里,53人关注,一年前发布
安外大街3号院 ,3室1厅,82.71,东 南,精装,中楼层(共12层) ,暂无数据,板塔结合,1080,130577.0,安定门,24人关注,一年前发布
小黄庄一区 ,3室1厅,74.01,南 北,简装,中楼层(共6层) ,暂无数据,板楼,760,102689.0,安贞,23人关注,4个月以前发布
小黄庄一区 ,3室1厅,89.56,东 西,精装,顶层(共21层) ,暂无数据,板塔结合,799,89214.0,安贞,25人关注,3个月以前发布
甘水桥 ,3室1厅,85.56,东 西,简装,中楼层(共14层) ,暂无数据,板塔结合,799,93385.0,和平里,21人关注,6个月以前发布
盛德紫阙 ,1室1厅,92.69,东,精装,中楼层(共20层) ,暂无数据,板塔结合,1070,115439.0,和平里,0人关注,5个月以前发布
安定路 ,2室1厅,72.64,南,简装,低楼层(共18层) ,暂无数据,塔楼,710,97743.0,安贞,16人关注,1个月以前发布
安定路 ,2室1厅,47.82,南,简装,中楼层(共20层) ,暂无数据,塔楼,499,104350.0,安贞,11人关注,1个月以前发布
安定路 ,3室1厅,88.24,南 西 北,简装,中楼层(共20层) ,暂无数据,塔楼,808,91569.0,安贞,32人关注,4个月以前发布
安定路 ,2室1厅,49.95,东,精装,高楼层(共20层) ,暂无数据,塔楼,550,110111.0,安贞,5人关注,23天以前发布
安定路 ,3室1厅,88.09,南 西 北,精装,低楼层(共20层) ,暂无数据,塔楼,830,94222.0,安贞,19人关注,4个月以前发布
安贞苑50号院 ,2室1厅,88.95,南 北,简装,低楼层(共6层) ,暂无数据,板楼,950,106802.0,安贞,6人关注,15天以前发布
安贞苑50号院 ,2室1厅,88.95,南 北,其他,顶层(共6层) ,暂无数据,板楼,860,96684.0,安贞,7人关注,1个月以前发布
胜古中路1号院 ,3室2厅,149.9,南 北,简装,中楼层(共14层) ,暂无数据,板楼,1210,80721.0,安贞,27人关注,5个月以前发布
胜古中路1号院 ,3室2厅,149.9,南 北,简装,顶层(共14层) ,暂无数据,板楼,1036,69113.0,安贞,13人关注,1个月以前发布
安贞苑50号院 ,2室1厅,88.95,南 北,精装,中楼层(共6层) ,暂无数据,板楼,930,104554.0,安贞,20人关注,3个月以前发布
安贞苑50号院 ,2室1厅,65.65,南 北,简装,高楼层(共6层) ,暂无数据,板楼,720,109673.0,安贞,2人关注,1个月以前发布
安定路 ,2室1厅,47.82,南,简装,中楼层(共20层) ,暂无数据,塔楼,695,145337.0,安贞,1人关注,3个月以前发布
安定路 ,3室1厅,88.09,南 西 北,简装,低楼层(共20层) ,暂无数据,塔楼,870,98763.0,安贞,4人关注,8天以前发布
安贞苑50号院 ,2室1厅,65.82,南 北,精装,顶层(共6层) ,暂无数据,板楼,619,94045.0,安贞,28人关注,4个月以前发布
安定路 ,3室1厅,88.24,南 西 北,简装,高楼层(共20层) ,暂无数据,塔楼,818,92702.0,安贞,13人关注,2个月以前发布
华世隆国际公寓 ,3室2厅,252.31,南 北,精装,中楼层(共8层),2001年,塔楼,1330,52713.0,安贞,2人关注,2个月以前发布
胜古中路1号院 ,4室2厅,176.44,东 西 北,简装,高楼层(共14层) ,暂无数据,板楼,1180,66879.0,安贞,5人关注,18天以前发布
胡家园小区 ,2室1厅,100.04,南 北,精装,低楼层(共10层) ,暂无数据,板塔结合,860,85966.0,东直门,44人关注,8个月以前发布
永铁苑 ,2室1厅,90.01,东,精装,中楼层(共22层) ,暂无数据,塔楼,599,66549.0,永定门,48人关注,一年前发布
安乐林二条 ,3室1厅,90.51,南 西 北,简装,低楼层(共6层) ,暂无数据,板楼,560,61872.0,永定门,30人关注,4个月以前发布
新景家园东区 ,3室1厅,92.82,南,简装,中楼层(共10层) ,暂无数据,板塔结合,1050,113123.0,崇文门,46人关注,2个月以前发布
康鸿家园 ,3室2厅,159.87,南 北,简装,底层(共6层) ,暂无数据,板楼,1580,98831.0,和平里,11人关注,8个月以前发布
外交部街59号院 ,3室1厅,95.26,东 西,简装,中楼层(共4层) ,暂无数据,板楼,1300,136469.0,建国门内,29人关注,6个月以前发布
新景家园西区 ,3室1厅,91.06,南 北,精装,中楼层(共14层) ,暂无数据,板楼,940,103229.0,崇文门,38人关注,4个月以前发布
左安浦园 ,2室1厅,97.55,西,精装,顶层(共14层) ,暂无数据,板塔结合,836,85700.0,左安门,16人关注,9个月以前发布
建予园 ,2室1厅,105.69,南,简装,底层(共16层),2001年,塔楼,630,59609.0,永定门,50人关注,9个月以前发布
东环居苑 ,3室1厅,96.34,西北,其他,高楼层(共22层),2003年,塔楼,935,97053.0,广渠门,14人关注,4个月以前发布
交道口东大街 ,3室1厅,98.63,南 北,精装,中楼层(共10层) ,暂无数据,板塔结合,1225,124202.0,交道口,6人关注,4个月以前发布
建国门北大街5号 ,2室1厅,177.32,东,精装,高楼层(共24层),2008年,板楼,1120,63163.0,建国门内,0人关注,18天以前发布
万国城MOMA ,3室2厅,163.49,南 北,其他,中楼层(共26层) ,暂无数据,板楼,1990,121720.0,东直门,24人关注,一年前发布
建予园 ,2室1厅,93.5,东 西 北,精装,中楼层(共16层),2001年,塔楼,588,62888.0,永定门,35人关注,9个月以前发布
远洋德邑 ,2室1厅,106.28,东,精装,低楼层(共14层) ,暂无数据,板塔结合,980,92210.0,广渠门,37人关注,一年前发布
建国门北大街5号 ,2室1厅,160.18,南,精装,中楼层(共24层),2008年,板楼,880,54939.0,建国门内,28人关注,一年前发布
和平新城一期 ,3室2厅,152.14,东 南,其他,中楼层(共19层) ,暂无数据,板塔结合,1880,123571.0,和平里,11人关注,3个月以前发布
新景家园东区 ,2室1厅,98.19,北 南,其他,高楼层(共13层) ,暂无数据,板塔结合,1199,122111.0,崇文门,8人关注,6个月以前发布
海晟名苑南区 ,3室1厅,162.1,南,精装,高楼层(共14层) ,暂无数据,板塔结合,2190,135102.0,工体,15人关注,1个月以前发布
胡家园26号院 ,3室1厅,104.77,南 北,简装,中楼层(共6层) ,暂无数据,板楼,1018,97166.0,东直门,29人关注,4个月以前发布
西营房 ,2室1厅,99.01,南,简装,中楼层(共16层) ,暂无数据,塔楼,968,97768.0,安定门,19人关注,4个月以前发布
本家润园C区 ,3室1厅,99.72,东北,精装,高楼层(共18层),2005年,板塔结合,999,100181.0,东花市,7人关注,4个月以前发布
富贵园三区 ,3室1厅,96.07,东南,简装,高楼层(共18层) ,暂无数据,塔楼,950,98887.0,东花市,20人关注,一年前发布
远洋德邑 ,2室1厅,106.28,东,精装,中楼层(共14层) ,暂无数据,板塔结合,985,92680.0,广渠门,25人关注,4个月以前发布
梵悦万国府 ,3室2厅,196.54,东 南,精装,32层,2002年,塔楼,3000,152641.0,东直门,11人关注,4个月以前发布
中景濠庭 ,3室2厅,161.57,南 北,精装,中楼层(共22层) ,暂无数据,塔楼,1830,113264.0,安定门,4人关注,1个月以前发布
禾风相府 ,2室1厅,96.26,东,精装,中楼层(共14层) ,暂无数据,板楼,1190,123624.0,金宝街,18人关注,4个月以前发布
怡龙别墅 ,3室2厅,156.01,东 南 西,其他,底层(共4层) ,暂无数据,板楼,1599,102494.0,左安门,5人关注,7天以前发布
华龙美晟 ,2室2厅,91.44,西北,精装,高楼层(共12层),2009年,板塔结合,810,88583.0,永定门,65人关注,一年前发布
天利园 ,2室2厅,101.78,南 北,精装,中楼层(共16层),2003年,板塔结合,1100,108077.0,广渠门,0人关注,3个月以前发布
望陶园小区 ,2室1厅,108.64,南,简装,中楼层(共18层) ,暂无数据,塔楼,795,73178.0,永定门,39人关注,7个月以前发布
和平里九区 ,3室1厅,97.0,东 西,简装,底层(共6层) ,暂无数据,板楼,1100,113403.0,和平里,2人关注,3个月以前发布
鼎盛园 ,2室1厅,99.42,西南,简装,11层 ,暂无数据,板塔结合,790,79461.0,永定门,111人关注,10个月以前发布
天天家园 ,2室1厅,105.95,东 西,简装,11层 ,暂无数据,板楼,780,73620.0,永定门,23人关注,4个月以前发布
花市枣苑三期 ,2室1厅,94.07,东北,简装,高楼层(共17层) ,暂无数据,塔楼,1090,115872.0,东花市,4人关注,1个月以前发布
花市枣苑二期 ,2室1厅,104.82,南,简装,底层(共17层) ,暂无数据,塔楼,1088,103797.0,东花市,1人关注,21天以前发布
天天家园 ,3室1厅,151.93,东 南,精装,11层,2002年,塔楼,1090,71744.0,永定门,20人关注,4个月以前发布
左安浦园 ,3室1厅,102.21,东,精装,中楼层(共14层) ,暂无数据,板塔结合,799,78173.0,左安门,36人关注,5个月以前发布
兴隆都市馨园 ,3室2厅,93.73,南 北,精装,高楼层(共7层) ,暂无数据,板楼,788,84072.0,崇文门,7人关注,6个月以前发布
恒基中心 ,2室1厅,95.59,西,其他,低楼层(共23层) ,暂无数据,板塔结合,780,81599.0,建国门内,10人关注,7个月以前发布
小黄庄一区 ,3室1厅,90.28,东 南 北,其他,底层(共21层) ,暂无数据,板塔结合,865,95814.0,安贞,3人关注,15天以前发布
恒基中心 ,2室1厅,101.96,东,精装,中楼层(共23层) ,暂无数据,板塔结合,780,76501.0,建国门内,0人关注,1个月以前发布
小黄庄一区 ,3室1厅,94.13,南 北,精装,高楼层(共6层) ,暂无数据,板楼,1300,138107.0,安贞,9人关注,16天以前发布
恒基中心 ,2室1厅,101.96,西,其他,中楼层(共23层),1997年,板塔结合,760,74540.0,建国门内,20人关注,一年前发布
东环广场 ,3室1厅,173.01,东北,精装,低楼层(共31层) ,暂无数据,板楼,1150,66471.0,东直门,9人关注,5个月以前发布
水上华城 ,2室2厅,102.54,东北,精装,中楼层(共23层),2005年,板楼,1100,107276.0,广渠门,19人关注,6个月以前发布
大龙公寓 ,2室1厅,102.44,西,简装,中楼层(共21层) ,暂无数据,塔楼,998,97423.0,安贞,7人关注,1个月以前发布
华龙美晟 ,2室1厅,96.8,东 西,简装,高楼层(共12层) ,暂无数据,板塔结合,760,78513.0,永定门,23人关注,11个月以前发布
恒基中心 ,3室1厅,168.14,东北,精装,中楼层(共23层) ,暂无数据,板塔结合,1099,65363.0,建国门内,17人关注,10个月以前发布
上龙西里 ,2室1厅,107.73,南 北,精装,中楼层(共18层) ,暂无数据,塔楼,1096,101736.0,安定门,10人关注,2个月以前发布
小黄庄一区 ,3室1厅,92.68,东 西,简装,中楼层(共21层) ,暂无数据,板塔结合,888,95814.0,安贞,4人关注,10天以前发布
小黄庄一区 ,3室1厅,98.51,东 西,毛坯,顶层(共21层) ,暂无数据,板塔结合,820,83241.0,安贞,3人关注,27天以前发布
天天家园 ,3室2厅,157.05,东 北,简装,11层,2001年,塔楼,1060,67495.0,永定门,53人关注,一年前发布
兴化西里 ,3室1厅,73.69,南 北,精装,中楼层(共5层) ,暂无数据,板楼,760,103135.0,和平里,44人关注,3个月以前发布
和平里七区 ,3室1厅,68.21,南 北,简装,底层(共5层) ,暂无数据,板楼,788,115526.0,和平里,32人关注,8个月以前发布
盛德紫阙 ,2室1厅,121.69,东,精装,中楼层(共20层),2017年,板楼,1098,90230.0,和平里,21人关注,4个月以前发布
和平里七区 ,2室1厅,69.81,东 西 北,毛坯,底层(共8层) ,暂无数据,板楼,790,113165.0,和平里,3人关注,1个月以前发布
小黄庄一区 ,3室1厅,85.09,东 西,简装,低楼层(共21层) ,暂无数据,板塔结合,780,91668.0,安贞,6人关注,1个月以前发布
朝阳首府 ,3室1厅,183.39,东 南 西 北,精装,中楼层(共11层) ,暂无数据,板楼,1600,87246.0,朝阳门内,39人关注,3个月以前发布
当代MOMA ,3室2厅,190.07,西北,精装,高楼层(共20层),2008年,塔楼,2200,115747.0,东直门,12人关注,1个月以前发布
雍和家园二期 ,2室1厅,104.98,东 北 东北,精装,中楼层(共6层) ,暂无数据,板楼,990,94304.0,和平里,34人关注,5个月以前发布
冠城名敦道A区 ,2室1厅,93.27,西,简装,23层,2010年,塔楼,550,58969.0,广渠门,15人关注,一年前发布
西水井胡同 ,3室1厅,96.31,南 北,简装,中楼层(共16层) ,暂无数据,板塔结合,1020,105909.0,朝阳门内,9人关注,1个月以前发布
长安太和 ,2室1厅,173.25,东,简装,低楼层(共24层),2012年,板楼,1850,106783.0,建国门内,7人关注,4个月以前发布
贡院九号 ,3室1厅,150.1,东北,精装,中楼层(共18层),2000年,板塔结合,1630,108595.0,建国门内,5人关注,1个月以前发布
雍和家园一期 ,3室2厅,171.17,南 北,其他,低楼层(共16层),2001年,板塔结合,1850,108080.0,和平里,21人关注,8个月以前发布
悠胜美苑 ,2室1厅,90.87,东南,简装,12层 ,暂无数据,板塔结合,600,66029.0,永定门,5人关注,26天以前发布
建国门北大街5号 ,3室1厅,177.32,东,简装,低楼层(共24层),2008年,板楼,980,55268.0,建国门内,4人关注,1个月以前发布
万国城MOMA ,3室2厅,152.66,东南,精装,低楼层(共26层) ,暂无数据,板塔结合,1800,117910.0,东直门,10人关注,2个月以前发布
民旺园十九号院 ,2室1厅,104.4,南 北,精装,中楼层(共7层) ,暂无数据,板楼,990,94828.0,和平里,5人关注,2个月以前发布
万国城MOMA ,3室2厅,158.29,东,精装,中楼层(共25层) ,暂无数据,塔楼,1920,121297.0,东直门,25人关注,一年前发布
悠胜美苑 ,2室1厅,90.61,南 北,精装,12层,2011年,板塔结合,498,54961.0,永定门,470人关注,6个月以前发布
华龙美晟 ,2室1厅,90.69,东,精装,中楼层(共8层),2009年,板塔结合,726,80053.0,永定门,23人关注,9个月以前发布
永铁苑 ,2室1厅,90.01,东南 东,简装,中楼层(共22层) ,暂无数据,塔楼,658,73103.0,永定门,13人关注,6个月以前发布
永铁苑 ,2室1厅,90.01,西南,简装,低楼层(共22层) ,暂无数据,塔楼,630,69993.0,永定门,29人关注,一年前发布
建予园 ,3室1厅,109.97,西北,简装,低楼层(共16层) ,暂无数据,塔楼,635,57744.0,永定门,104人关注,一年前发布
东高房胡同 ,3室1厅,95.89,南 北,精装,低楼层(共3层) ,暂无数据,板楼,990,103244.0,东四,43人关注,6个月以前发布
建国门北大街5号 ,3室1厅,191.74,东,其他,中楼层(共24层),2008年,板楼,1050,54762.0,建国门内,3人关注,1个月以前发布
民旺园十九号院 ,2室2厅,104.4,南 北,简装,中楼层(共7层) ,暂无数据,板楼,1050,100575.0,和平里,2人关注,3个月以前发布
民安小区东直门内北小街 ,3室1厅,97.94,南 北,简装,低楼层(共14层) ,暂无数据,板楼,1028,104963.0,东直门,5人关注,7天以前发布
水上华城 ,3室1厅,164.3,东 西,精装,高楼层(共20层),2004年,板楼,1850,112599.0,广渠门,9人关注,9个月以前发布
望陶园小区 ,2室1厅,107.38,西南,精装,高楼层(共18层) ,暂无数据,塔楼,699,65096.0,永定门,18人关注,5个月以前发布
雍和家园一期 ,3室2厅,158.39,东南,简装,高楼层(共16层),2001年,板塔结合,1698,107204.0,和平里,17人关注,4个月以前发布
美惠大厦 ,2室1厅,163.44,南,精装,高楼层(共15层) ,暂无数据,塔楼,1158,70852.0,朝阳门外,8人关注,3个月以前发布
交道口东大街 ,2室2厅,96.39,东 西,其他,中楼层(共10层) ,暂无数据,板塔结合,1600,165993.0,交道口,0人关注,8天以前发布
水上华城 ,2室1厅,108.5,东,简装,中楼层(共23层),2005年,板楼,1160,106913.0,广渠门,11人关注,1个月以前发布
左安浦园 ,2室1厅,106.12,南 北,简装,低楼层(共18层),2004年,板楼,799,75293.0,左安门,6人关注,3个月以前发布
地坛北里 ,3室1厅,101.83,东 北,简装,低楼层(共14层) ,暂无数据,板塔结合,1099,107925.0,和平里,17人关注,5个月以前发布
万国城MOMA ,2室1厅,92.52,西,精装,低楼层(共26层) ,暂无数据,塔楼,1068,115435.0,东直门,8人关注,1个月以前发布
法华南里 ,3室1厅,106.24,南 西 北,简装,底层(共6层) ,暂无数据,板楼,1060,99775.0,崇文门,5人关注,26天以前发布
悠胜美苑 ,2室1厅,104.69,南,精装,18层,2001年,塔楼,799,76321.0,永定门,36人关注,9个月以前发布
华府景园 ,3室1厅,158.58,东 南 西,精装,低楼层(共16层) ,暂无数据,板塔结合,1680,105941.0,安定门,10人关注,2个月以前发布
中海紫御公馆 ,2室2厅,90.09,南 北,简装,低楼层(共19层) ,暂无数据,板塔结合,1095,121546.0,陶然亭,49人关注,1个月以前发布
建国门北大街5号 ,3室1厅,180.08,西北,简装,低楼层(共24层),2008年,板楼,1100,61084.0,建国门内,1人关注,29天以前发布
东花市北里东区 ,3室1厅,95.4,南 北,简装,顶层(共5层),1991年,板楼,799,83753.0,东花市,28人关注,11个月以前发布
和平里七区 ,3室1厅,106.47,东 南 北,简装,中楼层(共8层) ,暂无数据,板楼,1220,114587.0,和平里,76人关注,6个月以前发布
富贵园四区 ,2室1厅,90.94,东,精装,中楼层(共6层) ,暂无数据,板楼,1098,120739.0,东花市,52人关注,5个月以前发布
太华公寓 ,2室1厅,105.8,东北,精装,高楼层(共17层),2000年,塔楼,799,75520.0,崇文门,4人关注,1个月以前发布
太华公寓 ,2室1厅,105.86,东北,简装,中楼层(共17层),2000年,塔楼,780,73683.0,崇文门,0人关注,3天以前发布
东花市北里中区 ,3室2厅,102.73,南 北,精装,底层(共6层) ,暂无数据,板楼,1060,103184.0,东花市,64人关注,一年前发布
建予园 ,3室1厅,109.97,东北,简装,高楼层(共16层) ,暂无数据,塔楼,758,68928.0,永定门,14人关注,一年前发布
东花市北里中区 ,3室2厅,100.22,南 北,精装,底层(共6层) ,暂无数据,板楼,1090,108761.0,东花市,58人关注,一年前发布
东花市北里中区 ,3室3厅,169.07,南 北,简装,顶层(共6层) ,暂无数据,板楼,1100,65062.0,东花市,15人关注,一年前发布
小黄庄一区 ,3室1厅,90.28,东 南 北,简装,低楼层(共21层) ,暂无数据,板塔结合,830,91937.0,安贞,23人关注,1个月以前发布
盛德紫阙 ,3室2厅,156.51,南 北,精装,高楼层(共20层) ,暂无数据,板塔结合,1560,99675.0,和平里,20人关注,2个月以前发布
民安小区东直门内北小街 ,3室1厅,97.94,南 北,精装,中楼层(共14层) ,暂无数据,板楼,1100,112314.0,东直门,15人关注,27天以前发布
法华南里 ,3室1厅,105.23,南 北,简装,低楼层(共6层),1995年,板楼,1098,104343.0,崇文门,17人关注,10个月以前发布
国瑞城东区 ,3室1厅,92.02,南,其他,顶层(共12层) ,暂无数据,板楼,1100,119540.0,崇文门,10人关注,3个月以前发布
雍和家园一期 ,2室1厅,97.11,西南 北,简装,中楼层(共16层) ,暂无数据,板塔结合,1100,113274.0,和平里,0人关注,1天以前发布
法华南里 ,3室1厅,92.88,南 北,精装,顶层(共6层) ,暂无数据,板楼,799,86025.0,崇文门,11人关注,2个月以前发布
兴隆都市馨园 ,3室1厅,103.45,东 西,精装,顶层(共6层) ,暂无数据,板楼,799,77236.0,崇文门,46人关注,一年前发布
西营房 ,3室1厅,98.56,南,精装,中楼层(共19层) ,暂无数据,塔楼,1090,110593.0,安定门,14人关注,1个月以前发布
民旺园十九号院 ,3室1厅,103.5,南 北,简装,中楼层(共7层) ,暂无数据,板楼,1080,104348.0,和平里,10人关注,1个月以前发布
和平里五区 ,3室1厅,92.68,南 北,精装,顶层(共6层),1995年,板楼,777,83837.0,和平里,17人关注,1个月以前发布
东四块玉南街4号院 ,3室2厅,161.03,南 北,其他,中楼层(共7层) ,暂无数据,板楼,1750,108676.0,左安门,9人关注,1个月以前发布
鸿运花园 ,3室2厅,157.5,南 北,其他,底层(共6层) ,暂无数据,板楼,1560,99048.0,左安门,16人关注,一年前发布
国瑞城中区 ,3室1厅,157.42,北 南,简装,低楼层(共16层),2006年,板楼,1650,104816.0,崇文门,49人关注,10个月以前发布
富贵园三区 ,3室1厅,95.95,东南,其他,高楼层(共18层) ,暂无数据,板塔结合,899,93695.0,东花市,20人关注,3个月以前发布
国瑞城西区 ,2室1厅,90.88,北,精装,顶层(共16层),2009年,塔楼,716,78786.0,崇文门,20人关注,2个月以前发布
培新街乙5号院 ,3室1厅,96.64,南,简装,高楼层(共17层) ,暂无数据,塔楼,1198,123966.0,广渠门,44人关注,一年前发布
富贵园三区 ,3室1厅,104.57,东 西,精装,中楼层(共16层) ,暂无数据,板楼,989,94578.0,东花市,35人关注,6个月以前发布
中海紫御公馆 ,2室2厅,90.08,南,简装,低楼层(共17层) ,暂无数据,板塔结合,1020,113233.0,陶然亭,25人关注,1个月以前发布
中海紫御公馆 ,2室1厅,91.89,南 北,精装,高楼层(共20层) ,暂无数据,板塔结合,1350,146915.0,陶然亭,49人关注,2个月以前发布
中海紫御公馆 ,2室2厅,92.29,东 南 北,精装,中楼层(共22层) ,暂无数据,板塔结合,1288,139561.0,陶然亭,8人关注,8天以前发布
民旺园十九号院 ,3室1厅,105.14,南 北,精装,高楼层(共7层) ,暂无数据,板楼,1130,107476.0,和平里,4人关注,1个月以前发布
和平里中街3号院 ,2室1厅,90.16,东 南,精装,低楼层(共21层) ,暂无数据,塔楼,1019,113022.0,和平里,32人关注,9个月以前发布
胜古中路1号院 ,4室2厅,149.05,南 北,精装,低楼层(共14层) ,暂无数据,板楼,1070,71788.0,安贞,34人关注,4个月以前发布
西青年沟 ,2室1厅,50.91,南,毛坯,6层 ,暂无数据,板楼,510,100177.0,安贞,0人关注,25天以前发布
海运仓小区 ,2室1厅,75.73,南 北,简装,中楼层(共9层) ,暂无数据,板塔结合,798,105375.0,东直门,27人关注,2个月以前发布
本家润园一期 ,2室1厅,71.4,西,精装,中楼层(共6层) ,暂无数据,板楼,780,109244.0,东花市,32人关注,2个月以前发布
朝阳门北小街 ,2室1厅,67.93,南 北,精装,高楼层(共6层) ,暂无数据,板楼,770,113352.0,朝阳门内,10人关注,1个月以前发布
东直门内北小街16号 ,2室1厅,89.13,东 西,精装,中楼层(共10层) ,暂无数据,板塔结合,760,85269.0,东直门,12人关注,27天以前发布
安外大街3号院 ,2室1厅,51.86,东,简装,高楼层(共12层) ,暂无数据,板塔结合,480,92557.0,安定门,14人关注,24天以前发布
和平里七区 ,2室1厅,56.05,南,简装,底层(共5层) ,暂无数据,板楼,683,121856.0,和平里,2人关注,14天以前发布
兴化路11号院 ,3室1厅,64.55,东北,精装,低楼层(共12层) ,暂无数据,板塔结合,681,105500.0,安贞,15人关注,4个月以前发布
小黄庄一区 ,2室1厅,55.87,东 西,简装,高楼层(共6层) ,暂无数据,板楼,560,100233.0,安贞,6人关注,1个月以前发布
新中西街 ,3室1厅,78.51,东 南 北,精装,低楼层(共7层) ,暂无数据,板楼,768,97822.0,朝阳门外,42人关注,9个月以前发布
新景家园东区 ,2室1厅,76.62,东 南,精装,顶层(共17层) ,暂无数据,板楼,760,99191.0,崇文门,54人关注,4个月以前发布
和平新城一期 ,2室1厅,122.76,西北,简装,低楼层(共19层) ,暂无数据,板塔结合,1100,89606.0,和平里,11人关注,21天以前发布
化工大院 ,2室1厅,68.17,东 南 北,简装,底层(共5层) ,暂无数据,板楼,714,104739.0,和平里,35人关注,1个月以前发布
小黄庄一区 ,2室1厅,62.63,南,精装,低楼层(共21层) ,暂无数据,板塔结合,566,90373.0,安贞,20人关注,1个月以前发布
小黄庄一区 ,3室1厅,73.32,南 北,简装,低楼层(共21层) ,暂无数据,板塔结合,575,78424.0,安贞,97人关注,2个月以前发布
地坛北里 ,3室1厅,66.86,南 北,简装,中楼层(共5层) ,暂无数据,板楼,762,113970.0,和平里,57人关注,1个月以前发布
花园胡同8号院 ,3室1厅,66.8,南 北,精装,低楼层(共6层) ,暂无数据,板楼,780,116767.0,安定门,4人关注,7天以前发布
前门东小街 ,2室1厅,72.04,南 北,精装,中楼层(共10层) ,暂无数据,板楼,795,110356.0,崇文门,12人关注,2个月以前发布
国瑞城中区 ,3室2厅,150.91,南 北,精装,低楼层(共15层),2006年,板楼,1850,122590.0,崇文门,8人关注,2个月以前发布
景泰西里西区 ,2室1厅,90.7,东 西,精装,11层 ,暂无数据,板塔结合,599,66042.0,永定门,14人关注,2个月以前发布
六铺炕 ,3室1厅,91.19,南 北,简装,高楼层(共12层) ,暂无数据,板楼,1050,115145.0,安定门,12人关注,26天以前发布
和平里中街3号院 ,3室2厅,90.16,西南,精装,高楼层(共21层) ,暂无数据,塔楼,938,104038.0,和平里,23人关注,27天以前发布
禾风仕家 ,2室1厅,90.92,南,简装,中楼层(共10层),2000年,板塔结合,861,94699.0,金宝街,40人关注,7个月以前发布
巷上嘉园 ,2室1厅,103.37,东 南,简装,低楼层(共24层),2005年,塔楼,1220,118023.0,安定门,6人关注,2个月以前发布
国瑞城东区 ,3室1厅,101.66,南 北,简装,中楼层(共16层),2006年,板塔结合,1050,103286.0,崇文门,10人关注,1个月以前发布
新怡家园 ,3室1厅,163.77,南 北,其他,低楼层(共10层) ,暂无数据,板楼,2450,149601.0,崇文门,3人关注,13天以前发布
培新街乙5号院 ,3室1厅,96.64,东南,其他,中楼层(共19层) ,暂无数据,塔楼,1050,108651.0,广渠门,53人关注,7个月以前发布
新奥洋房 ,2室1厅,98.2,东 西,精装,11层 ,暂无数据,板楼,698,71080.0,永定门,13人关注,1个月以前发布
新奥洋房 ,2室1厅,99.17,东 西,简装,11层 ,暂无数据,板塔结合,750,75628.0,永定门,40人关注,一年前发布
东花市北里西区 ,3室2厅,166.57,南 北,精装,低楼层(共7层) ,暂无数据,板楼,1480,88852.0,东花市,46人关注,9个月以前发布
东花市北里西区 ,3室2厅,167.82,南 北,精装,6层 ,暂无数据,板楼,1650,98320.0,东花市,3人关注,1个月以前发布
东花市北里西区 ,3室2厅,167.53,南 北,简装,6层 ,暂无数据,板楼,1480,88343.0,东花市,14人关注,3个月以前发布
华冠丽景 ,3室2厅,188.35,南 北,简装,底层(共8层) ,暂无数据,板楼,2167,115052.0,东直门,13人关注,3个月以前发布
帽儿胡同45号院 ,3室1厅,66.35,南 北,简装,中楼层(共5层) ,暂无数据,板楼,1100,165788.0,地安门,8人关注,1个月以前发布
府上嘉园 ,2室1厅,85.9,西 北,精装,中楼层(共5层),2008年,板塔结合,1099,127940.0,安定门,10人关注,1个月以前发布
胡家园26号院 ,3室1厅,79.9,南 北,精装,顶层(共6层),1996年,板楼,760,95119.0,东直门,7人关注,4个月以前发布
天娇园 ,2室1厅,73.29,西,精装,中楼层(共11层) ,暂无数据,板楼,790,107791.0,东花市,10人关注,2个月以前发布
国瑞城中区 ,2室1厅,75.76,西北,精装,高楼层(共16层),2006年,塔楼,765,100977.0,崇文门,34人关注,一年前发布
海运仓小区 ,3室1厅,81.57,南 北,简装,高楼层(共7层) ,暂无数据,板楼,798,97831.0,东直门,12人关注,1个月以前发布
金鱼池中区 ,2室1厅,80.59,南 北,其他,中楼层(共7层),2002年,板楼,788,97779.0,天坛,19人关注,4个月以前发布
聚龙花园 ,2室2厅,142.42,东,简装,高楼层(共12层) ,暂无数据,塔楼,1098,77096.0,工体,5人关注,6个月以前发布
北竹杆胡同 ,2室1厅,76.72,南,精装,顶层(共4层) ,暂无数据,板楼,766,99844.0,朝阳门内,6人关注,18天以前发布
和平里七区 ,2室1厅,74.41,东 西,简装,顶层(共3层) ,暂无数据,板楼,825,110873.0,和平里,5人关注,一年前发布
和平里七区 ,2室1厅,64.28,东 西,精装,底层(共6层) ,暂无数据,板楼,790,122900.0,和平里,2人关注,1个月以前发布
小黄庄一区 ,3室1厅,68.61,东 西,其他,顶层(共6层) ,暂无数据,板楼,840,122432.0,安贞,0人关注,2个月以前发布
盛德紫阙 ,2室1厅,115.29,东,精装,中楼层(共20层),2017年,板塔结合,1218,105647.0,和平里,49人关注,一年前发布
小黄庄一区 ,2室1厅,69.27,南,毛坯,中楼层(共21层) ,暂无数据,板塔结合,850,122709.0,安贞,21人关注,一年前发布
小黄庄一区 ,2室1厅,56.63,南 北,其他,中楼层(共6层) ,暂无数据,板楼,649,114604.0,安贞,28人关注,一年前发布
南门仓胡同 ,2室1厅,64.4,南 北,其他,中楼层(共6层) ,暂无数据,板楼,800,124224.0,朝阳门内,24人关注,一年前发布
美术馆后街 ,2室0厅,55.86,南,简装,高楼层(共13层) ,暂无数据,塔楼,770,137845.0,东四,12人关注,一年前发布
北竹杆胡同 ,2室1厅,67.38,南 北,其他,中楼层(共6层) ,暂无数据,板楼,766,113684.0,朝阳门内,5人关注,1个月以前发布
广渠家园 ,3室1厅,79.55,西南,其他,中楼层(共29层),2009年,板塔结合,800,100566.0,广渠门,14人关注,1个月以前发布
盛德紫阙 ,3室1厅,146.63,西,精装,中楼层(共20层),2017年,板楼,1560,106391.0,和平里,7人关注,2个月以前发布
小黄庄一区 ,3室1厅,74.26,东 南 北,简装,底层(共6层) ,暂无数据,板楼,900,121196.0,安贞,9人关注,10个月以前发布
永康胡同1号院 ,2室1厅,66.97,东 南 西,精装,中楼层(共7层) ,暂无数据,板楼,780,116471.0,安定门,32人关注,8个月以前发布
上龙西里 ,2室1厅,88.01,东,精装,高楼层(共11层) ,暂无数据,板楼,799,90786.0,安定门,19人关注,1个月以前发布
永康胡同18号院 ,2室1厅,55.32,东 西,精装,低楼层(共6层) ,暂无数据,板楼,758,137021.0,安定门,2人关注,2个月以前发布
京城仁合 ,2室1厅,83.62,东北,精装,中楼层(共16层) ,暂无数据,板塔结合,755,90290.0,广渠门,52人关注,7个月以前发布
交道口东大街 ,2室1厅,75.95,南,简装,高楼层(共10层) ,暂无数据,板塔结合,1088,143253.0,交道口,13人关注,1个月以前发布
海运仓小区 ,3室2厅,78.19,南 北,简装,高楼层(共7层) ,暂无数据,板楼,780,99758.0,东直门,28人关注,一年前发布
东环居苑 ,2室1厅,79.35,西南,精装,顶层(共22层) ,暂无数据,塔楼,800,100820.0,广渠门,60人关注,一年前发布
小黄庄一区 ,2室1厅,62.25,南 北,精装,顶层(共6层) ,暂无数据,板楼,638,102490.0,安贞,8人关注,3个月以前发布
朝阳门南小街 ,2室1厅,80.32,南,简装,低楼层(共11层),2004年,板楼,775,96490.0,朝阳门内,12人关注,19天以前发布
锡拉胡同13号院 ,2室1厅,61.33,东南,精装,中楼层(共6层) ,暂无数据,板楼,799,130279.0,灯市口,2人关注,3个月以前发布
六铺炕 ,2室1厅,53.87,东 西,精装,中楼层(共10层) ,暂无数据,板楼,586,108781.0,安定门,8人关注,2个月以前发布
六铺炕 ,2室0厅,53.87,东 西,其他,高楼层(共10层) ,暂无数据,板楼,588,109152.0,安定门,1人关注,11天以前发布
朝阳门北小街 ,2室1厅,78.61,东 西,精装,顶层(共6层) ,暂无数据,板楼,798,101514.0,朝阳门内,12人关注,9个月以前发布
民安小区东直门北中街 ,2室1厅,73.6,南 北,简装,低楼层(共6层) ,暂无数据,板楼,800,108696.0,东直门,48人关注,一年前发布
天娇园 ,2室1厅,84.58,西,简装,中楼层(共11层),2008年,板塔结合,798,94349.0,东花市,9人关注,1个月以前发布
和平里七区 ,2室1厅,58.16,北 南,精装,高楼层(共6层) ,暂无数据,板楼,740,127236.0,和平里,0人关注,6个月以前发布
铂晶豪庭 ,2室1厅,86.07,东,精装,中楼层(共11层),2011年,塔楼,778,90392.0,工体,50人关注,5个月以前发布
国瑞城中区 ,3室1厅,89.01,东,精装,中楼层(共16层),2006年,塔楼,1069,120099.0,崇文门,28人关注,一年前发布
新景家园东区 ,2室1厅,79.18,东 西 南,精装,顶层(共13层) ,暂无数据,板楼,789,99647.0,崇文门,17人关注,4个月以前发布
幸福家园三期 ,2室1厅,87.56,西北,简装,高楼层(共18层) ,暂无数据,板塔结合,1090,124487.0,广渠门,7人关注,1个月以前发布
小黄庄一区 ,2室1厅,89.26,南 北,其他,低楼层(共13层) ,暂无数据,板楼,1150,128838.0,安贞,5人关注,1个月以前发布
豆瓣胡同 ,2室1厅,71.3,东 西,其他,低楼层(共21层) ,暂无数据,板塔结合,795,111501.0,朝阳门内,19人关注,3个月以前发布
南吉祥胡同 ,3室0厅,39.0,南,简装,底层(共1层) ,暂无数据,平房,1100,282052.0,东四,33人关注,7个月以前发布
小黄庄一区 ,2室1厅,67.23,南,精装,顶层(共21层) ,暂无数据,板塔结合,705,104864.0,安贞,0人关注,1个月以前发布
美术馆后街 ,2室1厅,61.45,南 北,简装,中楼层(共13层) ,暂无数据,塔楼,760,123678.0,东四,1人关注,7天以前发布
青年湖西里 ,3室1厅,57.08,东 南 北,简装,顶层(共5层) ,暂无数据,板楼,760,133147.0,安定门,4人关注,4个月以前发布
京禧阁 ,2室2厅,119.14,西南,精装,顶层(共22层),2013年,塔楼,1060,88971.0,广渠门,3人关注,16天以前发布
望坛新苑 ,2室1厅,81.48,南,精装,12层 ,暂无数据,板楼,798,97939.0,永定门,9人关注,1个月以前发布
上龙西里 ,3室1厅,74.32,南 北,简装,高楼层(共18层) ,暂无数据,塔楼,760,102261.0,安定门,57人关注,3个月以前发布
安德路乙61号院 ,2室0厅,64.32,东南,其他,低楼层(共14层) ,暂无数据,塔楼,779,121114.0,安定门,4人关注,2个月以前发布
广渠家园 ,3室1厅,79.08,东南,精装,低楼层(共29层),2009年,板塔结合,766,96864.0,广渠门,93人关注,11个月以前发布
悠胜美苑 ,3室1厅,132.96,东 西,简装,5层 ,暂无数据,板楼,795,59793.0,永定门,27人关注,一年前发布
新景家园东区 ,2室1厅,74.62,西南,简装,顶层(共17层) ,暂无数据,板楼,780,104530.0,崇文门,26人关注,1个月以前发布
小黄庄一区 ,3室1厅,78.22,南 北,精装,顶层(共6层) ,暂无数据,板楼,698,89236.0,安贞,12人关注,3个月以前发布
建国门内大街 ,3室1厅,74.2,南 西,简装,中楼层(共6层) ,暂无数据,板楼,799,107682.0,建国门外,34人关注,6个月以前发布
和平里七区 ,3室1厅,78.94,东 西,简装,低楼层(共3层) ,暂无数据,板楼,740,93743.0,和平里,33人关注,一年前发布
兴化西里 ,2室1厅,81.49,南 北,简装,高楼层(共6层) ,暂无数据,板楼,850,104308.0,和平里,11人关注,4个月以前发布
民旺园 ,3室1厅,65.51,东 北 西,精装,高楼层(共16层) ,暂无数据,塔楼,786,119982.0,和平里,16人关注,1个月以前发布
六铺炕 ,3室1厅,68.06,东 西,精装,顶层(共10层) ,暂无数据,板楼,815,119748.0,安定门,4人关注,一年前发布
和平里七区 ,2室1厅,60.59,南 北,精装,顶层(共6层) ,暂无数据,板楼,570,94075.0,和平里,43人关注,11个月以前发布
兴化西里 ,3室1厅,75.42,南 北,精装,中楼层(共4层) ,暂无数据,板楼,786,104217.0,和平里,50人关注,5个月以前发布
兴化西里 ,3室1厅,75.9,南 北,精装,底层(共5层) ,暂无数据,板楼,599,78920.0,和平里,282人关注,一年前发布
民安小区民安街 ,2室1厅,72.77,东 西,简装,低楼层(共6层) ,暂无数据,板楼,765,105126.0,东直门,6人关注,1个月以前发布
和平里七区 ,3室1厅,72.47,南 北,简装,中楼层(共5层) ,暂无数据,板楼,845,116600.0,和平里,23人关注,2个月以前发布
赵堂子胡同 ,2室1厅,80.92,南,精装,底层(共12层) ,暂无数据,板塔结合,770,95156.0,建国门内,26人关注,5个月以前发布
新开路胡同 ,3室1厅,57.58,南 北,精装,高楼层(共6层) ,暂无数据,板楼,799,138764.0,建国门内,3人关注,1个月以前发布
小黄庄一区 ,2室1厅,110.93,南 北,简装,低楼层(共13层) ,暂无数据,板楼,1248,112504.0,安贞,14人关注,30天以前发布
史家胡同20号院 ,3室1厅,71.53,东南,简装,中楼层(共5层) ,暂无数据,板楼,770,107648.0,金宝街,14人关注,1个月以前发布
青年沟 ,3室1厅,69.16,西北,精装,高楼层(共6层) ,暂无数据,板楼,650,93985.0,和平里,12人关注,3个月以前发布
小黄庄一区 ,2室1厅,55.76,南 北,精装,高楼层(共6层) ,暂无数据,板楼,600,107605.0,安贞,29人关注,一年前发布
安德里北街24号院 ,2室1厅,61.73,南 北,精装,中楼层(共6层) ,暂无数据,板楼,760,123117.0,安定门,13人关注,2个月以前发布
天天家园 ,3室1厅,128.68,南 北,简装,12层 ,暂无数据,板楼,1080,83930.0,永定门,37人关注,3个月以前发布
六铺炕 ,3室1厅,69.81,东 西,简装,底层(共6层) ,暂无数据,板楼,798,114311.0,安定门,3人关注,2个月以前发布
安外大街 ,2室1厅,61.11,东 西,简装,中楼层(共16层) ,暂无数据,板楼,603,98675.0,安贞,4人关注,4个月以前发布
西堂子胡同 ,2室1厅,69.44,南 北,简装,高楼层(共6层) ,暂无数据,板楼,758,109159.0,灯市口,6人关注,2个月以前发布
小黄庄二区 ,2室1厅,67.25,南 北,精装,高楼层(共12层) ,暂无数据,板塔结合,675,100372.0,安贞,7人关注,2个月以前发布
华府景园 ,2室1厅,75.25,东,精装,中楼层(共16层) ,暂无数据,板塔结合,750,99668.0,安定门,14人关注,3个月以前发布
永康胡同5号院 ,2室1厅,54.37,南 北,精装,中楼层(共5层) ,暂无数据,板楼,780,143462.0,安定门,5人关注,3个月以前发布
地坛北里 ,3室1厅,63.27,南 北 西,简装,中楼层(共5层) ,暂无数据,板楼,790,124862.0,和平里,53人关注,一年前发布
上龙西里 ,2室1厅,79.68,西北,其他,低楼层(共11层),2012年,板楼,755,94755.0,安定门,1人关注,5天以前发布
青年湖北街 ,2室1厅,72.31,南,精装,中楼层(共18层) ,暂无数据,塔楼,865,119624.0,安定门,7人关注,5个月以前发布
小黄庄一区 ,2室1厅,68.39,南 北,简装,中楼层(共21层) ,暂无数据,板塔结合,608,88902.0,安贞,54人关注,9个月以前发布
小黄庄一区 ,2室1厅,60.3,南 北,其他,顶层(共6层) ,暂无数据,板楼,610,101161.0,安贞,5人关注,11个月以前发布
安外大街3号院 ,2室1厅,56.03,东 西,精装,低楼层(共12层) ,暂无数据,板塔结合,585,104409.0,安定门,5人关注,5个月以前发布
和平里七区 ,2室1厅,60.59,南 北,简装,中楼层(共6层) ,暂无数据,板楼,660,108929.0,和平里,39人关注,一年前发布
东皇城根南街 ,3室1厅,66.28,东 西,精装,高楼层(共6层) ,暂无数据,板楼,780,117683.0,灯市口,12人关注,一年前发布
东直门南大街 ,2室1厅,65.11,南 北,精装,高楼层(共18层) ,暂无数据,板塔结合,785,120566.0,东直门,16人关注,一年前发布
民安小区东扬威街 ,2室1厅,74.62,南 北,简装,高楼层(共12层) ,暂无数据,板楼,799,107076.0,东直门,15人关注,4个月以前发布
炮局头条 ,3室1厅,77.69,东 南 北,精装,顶层(共6层) ,暂无数据,板楼,799,102845.0,东直门,13人关注,一年前发布
朝阳门北小街 ,3室1厅,85.17,南 北,精装,高楼层(共6层) ,暂无数据,板楼,1088,127745.0,朝阳门内,10人关注,1个月以前发布
潘家坡胡同4号院 ,3室1厅,75.86,南 北,毛坯,底层(共5层) ,暂无数据,板楼,780,102821.0,朝阳门外,17人关注,一年前发布
六铺炕 ,2室1厅,73.51,南,精装,高楼层(共16层) ,暂无数据,塔楼,796,108285.0,安定门,18人关注,5个月以前发布
安外大街80号院 ,2室1厅,62.75,东 西,简装,低楼层(共14层) ,暂无数据,板塔结合,665,105977.0,和平里,2人关注,1个月以前发布
华府景园 ,2室1厅,76.24,东南,精装,中楼层(共16层) ,暂无数据,板塔结合,888,116475.0,安定门,18人关注,5个月以前发布
青年湖北街 ,2室1厅,73.8,西南,精装,中楼层(共18层) ,暂无数据,塔楼,865,117209.0,安定门,4人关注,5个月以前发布
青年湖北街 ,2室1厅,72.31,南,简装,低楼层(共18层) ,暂无数据,塔楼,810,112018.0,安定门,2人关注,24天以前发布
六铺炕 ,2室1厅,60.43,东,精装,低楼层(共10层) ,暂无数据,板楼,750,124111.0,安定门,9人关注,6个月以前发布
幸福家园三期 ,2室1厅,112.7,西北,简装,中楼层(共12层) ,暂无数据,塔楼,1100,97605.0,广渠门,16人关注,7个月以前发布
大龙公寓 ,3室1厅,118.09,东 北,简装,顶层(共21层),1998年,塔楼,1280,108392.0,安贞,5人关注,8个月以前发布
建国门北大街 ,2室1厅,75.1,东南,简装,中楼层(共17层) ,暂无数据,塔楼,760,101199.0,建国门内,6人关注,1个月以前发布
化工大院 ,2室1厅,68.26,南 北,毛坯,顶层(共5层) ,暂无数据,板楼,705,103282.0,和平里,6人关注,2个月以前发布
青年沟 ,2室1厅,59.47,南 北,其他,顶层(共6层) ,暂无数据,板楼,600,100892.0,和平里,4人关注,1个月以前发布
华龙美晟 ,3室2厅,129.39,西南,简装,中楼层(共12层) ,暂无数据,板塔结合,1088,84087.0,永定门,213人关注,一年前发布
领行国际 ,2室1厅,123.44,南 北,简装,高楼层(共21层),2005年,板塔结合,1080,87492.0,广渠门,11人关注,一年前发布
和平里七区 ,2室1厅,60.59,南 北,简装,中楼层(共6层) ,暂无数据,板楼,630,103978.0,和平里,13人关注,2个月以前发布
左安漪园 ,2室1厅,83.03,北,精装,中楼层(共15层),2004年,板塔结合,791,95267.0,左安门,11人关注,4个月以前发布
海运仓小区 ,3室2厅,88.92,东南 西,精装,高楼层(共7层) ,暂无数据,板楼,1098,123482.0,东直门,12人关注,6个月以前发布
安外大街80号院 ,3室1厅,82.61,东 南 北,其他,低楼层(共6层) ,暂无数据,板楼,959,116088.0,和平里,22人关注,一年前发布
广渠家园 ,3室1厅,79.55,东 南,简装,高楼层(共29层),2009年,板塔结合,799,100440.0,广渠门,59人关注,10个月以前发布
甘水桥 ,3室1厅,85.56,东 西,简装,中楼层(共14层) ,暂无数据,板塔结合,850,99346.0,和平里,18人关注,一年前发布
盛德紫阙 ,2室1厅,115.29,东,精装,高楼层(共20层) ,暂无数据,板塔结合,1230,106688.0,和平里,9人关注,8个月以前发布
保利蔷薇 ,2室1厅,88.63,西北,精装,中楼层(共16层),2007年,板塔结合,1100,124112.0,广渠门,3人关注,6个月以前发布
和平里七区 ,2室1厅,60.59,南 北,简装,中楼层(共6层) ,暂无数据,板楼,638,105298.0,和平里,7人关注,1个月以前发布
和平里一区 ,3室1厅,60.79,南 北,精装,高楼层(共11层) ,暂无数据,板楼,759,124857.0,和平里,32人关注,3个月以前发布
安德里北街25号院 ,2室1厅,70.94,东 南 东南,精装,中楼层(共17层) ,暂无数据,塔楼,760,107133.0,安定门,17人关注,7个月以前发布
东环广场 ,2室1厅,135.81,西北,精装,低楼层(共31层) ,暂无数据,板楼,1000,73633.0,东直门,7人关注,5个月以前发布
民安小区东直门内北小街 ,2室1厅,82.54,东 西,其他,中楼层(共16层) ,暂无数据,板楼,780,94500.0,东直门,8人关注,一年前发布
香饵胡同 ,2室1厅,70.42,东 北,简装,低楼层(共6层) ,暂无数据,板楼,1090,154786.0,交道口,31人关注,一年前发布
和平里五区 ,3室2厅,111.67,南 北,精装,顶层(共6层) ,暂无数据,板楼,1080,96714.0,和平里,19人关注,6个月以前发布
安定门东大街 ,3室1厅,77.2,东 南 北,简装,高楼层(共6层) ,暂无数据,板楼,751,97280.0,东直门,13人关注,1个月以前发布
北河沿大街 ,2室1厅,51.76,南 北,简装,底层(共5层) ,暂无数据,板楼,789,152435.0,灯市口,6人关注,6个月以前发布
锡拉胡同15号院 ,2室1厅,68.75,东南,精装,顶层(共6层) ,暂无数据,板楼,756,109964.0,灯市口,8人关注,9个月以前发布
海运仓小区 ,3室1厅,83.85,东南,精装,中楼层(共7层) ,暂无数据,板楼,1095,130591.0,东直门,82人关注,一年前发布
史家胡同20号院 ,3室1厅,66.53,西北,精装,中楼层(共5层) ,暂无数据,板楼,780,117241.0,金宝街,8人关注,3个月以前发布
盛德紫阙 ,3室1厅,145.61,西,精装,中楼层(共20层) ,暂无数据,板塔结合,1500,103015.0,和平里,16人关注,10个月以前发布
盛德紫阙 ,2室1厅,121.69,东,精装,中楼层(共20层),2017年,板楼,1299,106747.0,和平里,20人关注,5个月以前发布
盛德紫阙 ,3室1厅,145.61,西,精装,中楼层(共20层),2017年,板塔结合,1650,113317.0,和平里,18人关注,一年前发布
安外大街80号院 ,3室1厅,84.68,东 西,精装,低楼层(共14层) ,暂无数据,板塔结合,930,109826.0,和平里,4人关注,6个月以前发布
小黄庄二区 ,2室1厅,58.53,南 北,简装,高楼层(共6层) ,暂无数据,板楼,610,104221.0,安贞,22人关注,9个月以前发布
花梗胡同1号院 ,2室1厅,54.71,南 北,简装,底层(共6层) ,暂无数据,板楼,790,144398.0,交道口,5人关注,5个月以前发布
西青年沟 ,2室1厅,53.75,南,精装,6层 ,暂无数据,板楼,585,108838.0,安贞,7人关注,3个月以前发布
安定门东大街 ,2室1厅,76.97,西,精装,高楼层(共17层) ,暂无数据,塔楼,788,102378.0,东直门,8人关注,4个月以前发布
华府景园 ,2室1厅,114.07,西北,精装,低楼层(共12层) ,暂无数据,板塔结合,970,85036.0,安定门,38人关注,6个月以前发布
广渠门外南街 ,3室1厅,81.38,东南,简装,高楼层(共12层) ,暂无数据,板塔结合,790,97076.0,广渠门,5人关注,6个月以前发布
禾风相府 ,2室1厅,84.68,东 南,简装,中楼层(共14层) ,暂无数据,板楼,1098,129665.0,金宝街,13人关注,2个月以前发布
小黄庄一区 ,2室1厅,66.92,南 北,精装,高楼层(共21层) ,暂无数据,板塔结合,736,109983.0,安贞,19人关注,9个月以前发布
东直门内大街 ,2室1厅,80.59,东南,精装,低楼层(共16层) ,暂无数据,塔楼,800,99268.0,东直门,10人关注,4个月以前发布
北新桥二条 ,3室1厅,35.1,南,精装,底层(共1层) ,暂无数据,平房,795,226496.0,东直门,64人关注,4个月以前发布
美术馆后街 ,2室1厅,56.28,南,精装,中楼层(共13层) ,暂无数据,塔楼,800,142147.0,东四,9人关注,8个月以前发布
忠实里 ,3室1厅,82.2,东南,其他,高楼层(共14层) ,暂无数据,板塔结合,800,97324.0,广渠门,29人关注,一年前发布
仓南胡同12号院 ,3室1厅,82.34,南 北,其他,顶层(共6层),1992年,板楼,798,96916.0,朝阳门内,13人关注,一年前发布
礼士胡同甲66号院 ,2室1厅,60.96,西 东,精装,中楼层(共5层) ,暂无数据,板楼,786,128938.0,金宝街,4人关注,1个月以前发布
板厂新里 ,3室1厅,80.0,西北,简装,中楼层(共18层) ,暂无数据,塔楼,760,95000.0,广渠门,4人关注,3个月以前发布
永铁苑 ,3室2厅,122.71,南 东北,简装,中楼层(共22层) ,暂无数据,塔楼,798,65032.0,永定门,38人关注,一年前发布
安外大街80号院 ,3室1厅,84.16,南 北,简装,高楼层(共14层) ,暂无数据,板塔结合,875,103969.0,和平里,13人关注,10天以前发布
民旺园 ,2室1厅,67.75,北 南,精装,高楼层(共6层) ,暂无数据,板楼,799,117934.0,和平里,1人关注,25天以前发布
安外东河沿 ,2室1厅,60.09,南 北,精装,中楼层(共12层) ,暂无数据,板楼,760,126477.0,安定门,15人关注,2个月以前发布
土儿胡同 ,3室1厅,58.6,南 北,精装,顶层(共4层) ,暂无数据,板楼,790,134813.0,交道口,25人关注,8个月以前发布
永康胡同5号院 ,2室1厅,57.74,南 北,精装,中楼层(共6层),1982年,板楼,800,138553.0,安定门,5人关注,4个月以前发布
兴化西里 ,3室1厅,70.69,南 北,其他,底层(共5层) ,暂无数据,板楼,536,75825.0,和平里,12人关注,5天以前发布
安化南里 ,2室1厅,82.27,东北,简装,中楼层(共16层) ,暂无数据,塔楼,790,96026.0,广渠门,33人关注,一年前发布
地坛北里 ,3室2厅,80.19,南 北,精装,中楼层(共5层) ,暂无数据,板楼,989,123333.0,和平里,13人关注,2个月以前发布
仓南胡同14号院 ,3室1厅,80.43,西南 北,简装,高楼层(共6层) ,暂无数据,板楼,760,94493.0,朝阳门内,1人关注,1个月以前发布
化工大院 ,2室1厅,67.73,南 北,简装,顶层(共5层) ,暂无数据,板楼,710,104828.0,和平里,8人关注,1个月以前发布
六铺炕 ,2室1厅,57.15,南 北,精装,中楼层(共5层) ,暂无数据,板楼,759,132809.0,安定门,16人关注,11个月以前发布
小黄庄一区 ,2室1厅,58.76,东 西,其他,低楼层(共6层) ,暂无数据,板楼,598,101770.0,安贞,14人关注,6个月以前发布
民安小区东直门北中街 ,2室1厅,78.12,南,其他,低楼层(共14层),2003年,板楼,780,99847.0,东直门,93人关注,一年前发布
永铁苑 ,3室2厅,119.17,西南,简装,高楼层(共22层) ,暂无数据,塔楼,1080,90627.0,永定门,3人关注,28天以前发布
和平里七区 ,3室1厅,75.14,南 北,简装,低楼层(共6层) ,暂无数据,板楼,880,117115.0,和平里,20人关注,3个月以前发布
仓南胡同12号院 ,3室1厅,80.87,南 北 西,简装,高楼层(共6层) ,暂无数据,板楼,799,98801.0,朝阳门内,26人关注,一年前发布
北官厅胡同甲二号院 ,3室1厅,81.15,南 北,简装,中楼层(共6层) ,暂无数据,板楼,760,93654.0,东直门,45人关注,3个月以前发布
天天家园 ,3室2厅,139.53,南 北,简装,12层 ,暂无数据,板楼,1080,77403.0,永定门,92人关注,7个月以前发布
康鸿家园 ,3室2厅,149.47,南 北,简装,中楼层(共6层) ,暂无数据,板楼,1500,100355.0,和平里,16人关注,2个月以前发布
和平里三区 ,2室1厅,56.62,南 北,精装,中楼层(共6层) ,暂无数据,板楼,760,134229.0,和平里,15人关注,2个月以前发布
朝阳首府 ,2室1厅,120.25,南 西,其他,高楼层(共15层) ,暂无数据,塔楼,1099,91393.0,朝阳门内,5人关注,1个月以前发布
京城仁合 ,3室1厅,124.27,东 西,精装,低楼层(共16层) ,暂无数据,板楼,1098,88356.0,广渠门,6人关注,1个月以前发布
国瑞城中区 ,2室1厅,77.39,南 北,精装,中楼层(共12层),2006年,塔楼,799,103244.0,崇文门,25人关注,5个月以前发布
甘雨胡同 ,3室1厅,70.82,南 北,精装,高楼层(共6层) ,暂无数据,板楼,785,110845.0,灯市口,16人关注,一年前发布
东环居苑 ,2室1厅,76.46,西南,简装,高楼层(共22层),2004年,塔楼,760,99399.0,广渠门,41人关注,7个月以前发布
安外大街80号院 ,2室1厅,55.15,东 西,简装,中楼层(共6层) ,暂无数据,板楼,570,103355.0,和平里,3人关注,2个月以前发布
和平里中街3号院 ,2室1厅,79.09,西,精装,中楼层(共20层) ,暂无数据,塔楼,790,99887.0,和平里,8人关注,1个月以前发布
六铺炕 ,2室1厅,54.99,东,简装,中楼层(共16层) ,暂无数据,塔楼,588,106929.0,安定门,8人关注,2个月以前发布
和平里七区 ,2室1厅,50.65,南,简装,中楼层(共5层) ,暂无数据,板楼,570,112538.0,和平里,33人关注,2个月以前发布
保利蔷薇 ,2室1厅,60.49,北,精装,低楼层(共16层),2007年,板塔结合,630,104150.0,广渠门,34人关注,6个月以前发布
安外西河沿 ,2室1厅,54.68,南 北,简装,中楼层(共6层) ,暂无数据,板楼,548,100220.0,安定门,6人关注,23天以前发布
天天家园 ,2室1厅,112.77,西北,精装,11层 ,暂无数据,塔楼,676,59946.0,永定门,50人关注,4个月以前发布
新奥洋房 ,2室1厅,54.32,西,精装,11层 ,暂无数据,板塔结合,409,75295.0,永定门,43人关注,1个月以前发布
民旺园 ,2室1厅,64.12,南,简装,中楼层(共16层) ,暂无数据,塔楼,730,113850.0,和平里,26人关注,2个月以前发布
胡家园小区 ,2室1厅,52.04,西北,简装,底层(共6层) ,暂无数据,板楼,423,81284.0,东直门,3人关注,4天以前发布
和平里中街3号院 ,2室1厅,83.18,南,精装,高楼层(共20层),2007年,塔楼,995,119621.0,和平里,21人关注,18天以前发布
新中西街 ,2室1厅,57.74,东 西,简装,中楼层(共7层) ,暂无数据,板楼,466,80707.0,朝阳门外,4人关注,6天以前发布
灯市口大街 ,2室1厅,68.36,南 北,简装,中楼层(共11层) ,暂无数据,板塔结合,750,109714.0,灯市口,12人关注,28天以前发布
青年湖南街 ,2室1厅,67.11,东 西,简装,顶层(共10层) ,暂无数据,板楼,590,87916.0,安定门,5人关注,1个月以前发布
灯市口大街27号院 ,2室1厅,57.15,南 北,简装,中楼层(共5层) ,暂无数据,板楼,680,118986.0,灯市口,23人关注,4个月以前发布
豆瓣胡同 ,2室1厅,71.3,南 北,精装,高楼层(共21层) ,暂无数据,板塔结合,868,121740.0,朝阳门内,15人关注,1个月以前发布
建国门北大街 ,2室1厅,75.1,东 东南 南,精装,中楼层(共17层) ,暂无数据,塔楼,637,84821.0,建国门内,97人关注,6个月以前发布
帽儿胡同45号院 ,2室1厅,47.3,南 北,精装,中楼层(共5层) ,暂无数据,板楼,696,147146.0,地安门,18人关注,16天以前发布
交道口北三条 ,2室1厅,54.53,南 北,简装,顶层(共6层) ,暂无数据,板楼,599,109848.0,交道口,7人关注,1个月以前发布
豆瓣胡同 ,2室1厅,71.04,南,简装,中楼层(共10层) ,暂无数据,板楼,868,122185.0,朝阳门内,12人关注,16天以前发布
什锦花园胡同 ,2室1厅,47.29,南 北,精装,中楼层(共5层) ,暂无数据,板楼,660,139565.0,东四,4人关注,1个月以前发布
青年湖东里 ,3室1厅,67.55,南 北,简装,中楼层(共5层) ,暂无数据,板楼,730,108069.0,安定门,29人关注,6个月以前发布
小黄庄一区 ,2室1厅,69.67,东 南,精装,低楼层(共21层) ,暂无数据,板塔结合,835,119851.0,安贞,0人关注,15天以前发布
新景家园西区 ,2室1厅,75.82,南 北,精装,中楼层(共12层),2004年,板楼,799,105382.0,崇文门,35人关注,4个月以前发布
新景家园东区 ,2室2厅,81.12,南 北,简装,底层(共12层) ,暂无数据,板楼,780,96154.0,崇文门,34人关注,5个月以前发布
左安漪园 ,2室1厅,112.99,南,简装,顶层(共17层) ,暂无数据,板塔结合,1090,96469.0,左安门,19人关注,2个月以前发布
芳嘉园胡同 ,2室1厅,79.6,东,精装,高楼层(共6层) ,暂无数据,板楼,759,95352.0,朝阳门内,3人关注,1个月以前发布
芳嘉园胡同 ,2室1厅,72.97,南 北,简装,底层(共6层) ,暂无数据,板楼,780,106894.0,朝阳门内,17人关注,一年前发布
新景家园东区 ,2室1厅,73.91,南 北,简装,中楼层(共13层) ,暂无数据,板塔结合,760,102828.0,崇文门,20人关注,29天以前发布
工体北路 ,3室1厅,75.28,东 北,其他,中楼层(共16层) ,暂无数据,塔楼,760,100957.0,工体,11人关注,4个月以前发布
新景家园东区 ,2室1厅,78.37,南 北,简装,中楼层(共13层) ,暂无数据,板塔结合,800,102080.0,崇文门,12人关注,1个月以前发布
花园胡同8号院 ,3室1厅,63.14,南 西 北,精装,低楼层(共6层) ,暂无数据,板楼,770,121952.0,安定门,19人关注,3个月以前发布
培新街乙5号院 ,2室1厅,83.64,东北,精装,中楼层(共17层) ,暂无数据,塔楼,800,95649.0,广渠门,32人关注,一年前发布
和平里东街9号院 ,2室1厅,77.48,南,精装,高楼层(共16层) ,暂无数据,塔楼,1099,141844.0,和平里,27人关注,8个月以前发布
青年湖北街 ,2室2厅,73.8,东南,简装,高楼层(共18层) ,暂无数据,塔楼,870,117887.0,安定门,6人关注,5个月以前发布
甘水桥 ,2室1厅,54.9,南,简装,中楼层(共5层) ,暂无数据,板楼,569,103643.0,和平里,5人关注,1个月以前发布
和平里七区 ,3室1厅,79.96,南 北,简装,中楼层(共4层) ,暂无数据,板楼,860,107554.0,和平里,39人关注,2个月以前发布
东直门内大街 ,2室1厅,76.01,南,精装,高楼层(共16层) ,暂无数据,塔楼,790,103934.0,东直门,20人关注,2个月以前发布
培新街乙5号院 ,2室1厅,70.39,西南,精装,中楼层(共17层) ,暂无数据,塔楼,790,112232.0,广渠门,16人关注,一年前发布
东环广场 ,2室1厅,135.81,西北,精装,中楼层(共31层) ,暂无数据,塔楼,1330,97931.0,东直门,10人关注,7个月以前发布
禄米仓胡同71号院 ,3室1厅,66.35,南 北,精装,高楼层(共6层) ,暂无数据,板楼,758,114243.0,朝阳门内,3人关注,3个月以前发布
新景家园西区 ,2室1厅,80.74,南 北,简装,底层(共13层),2004年,板楼,780,96607.0,崇文门,10人关注,1个月以前发布
京禧阁 ,2室2厅,119.14,西南,精装,中楼层(共22层),2013年,塔楼,1060,88971.0,广渠门,21人关注,4个月以前发布
京城仁合 ,2室2厅,114.51,南 西 北,其他,中楼层(共16层) ,暂无数据,板塔结合,1060,92569.0,广渠门,13人关注,7个月以前发布
花梗胡同1号院 ,2室1厅,54.64,南 北,精装,低楼层(共6层) ,暂无数据,板楼,788,144217.0,交道口,7人关注,2个月以前发布
新景家园东区 ,2室1厅,75.53,南 北,精装,低楼层(共17层) ,暂无数据,板楼,780,103271.0,崇文门,24人关注,25天以前发布
体育馆路13号 ,3室1厅,84.85,南 北,其他,低楼层(共7层) ,暂无数据,板楼,785,92517.0,崇文门,3人关注,26天以前发布
竹杆胡同 ,2室1厅,72.65,东 西,精装,中楼层(共9层) ,暂无数据,板楼,760,104612.0,朝阳门内,53人关注,9个月以前发布
盛德紫阙 ,2室2厅,117.47,东 北,精装,低楼层(共20层),2017年,板楼,1199,102069.0,和平里,6人关注,2个月以前发布
朝阳门南小街 ,2室1厅,75.41,东 西,其他,中楼层(共9层),2004年,板楼,760,100783.0,朝阳门内,30人关注,9个月以前发布
大龙公寓 ,2室1厅,85.54,东 南,简装,中楼层(共21层) ,暂无数据,塔楼,998,116671.0,安贞,10人关注,6个月以前发布
海晟名苑南区 ,3室2厅,149.26,东南,精装,高楼层(共22层) ,暂无数据,板塔结合,1930,129305.0,工体,19人关注,1个月以前发布
青年湖北里 ,2室1厅,56.63,南 北,精装,底层(共6层) ,暂无数据,板楼,520,91825.0,安定门,25人关注,30天以前发布
安德里北街25号院 ,3室2厅,89.12,南,精装,高楼层(共17层) ,暂无数据,塔楼,750,84157.0,安定门,106人关注,6个月以前发布
西水井胡同 ,2室1厅,74.31,南 北,简装,高楼层(共15层) ,暂无数据,板塔结合,694,93393.0,朝阳门内,21人关注,1个月以前发布
林调社区 ,3室1厅,83.63,南 北,简装,中楼层(共13层),1991年,板塔结合,1000,119575.0,和平里,19人关注,1个月以前发布
民安小区东扬威街 ,2室1厅,71.38,南,其他,中楼层(共12层) ,暂无数据,板楼,749,104932.0,东直门,26人关注,1个月以前发布
幸福南里 ,2室1厅,54.99,西 南 北,精装,高楼层(共6层),1985年,板楼,455,82743.0,广渠门,53人关注,4个月以前发布
和平里三区 ,2室1厅,56.71,南,精装,顶层(共6层) ,暂无数据,板楼,595,104920.0,和平里,6人关注,28天以前发布
青年湖东里 ,2室1厅,66.65,北 南,精装,顶层(共6层) ,暂无数据,板楼,539,80871.0,安定门,28人关注,2个月以前发布
东直门北大街 ,2室1厅,61.39,南 北,精装,高楼层(共14层) ,暂无数据,板楼,578,94153.0,东直门,18人关注,14天以前发布
上龙西里 ,2室1厅,89.17,东,精装,低楼层(共11层),2012年,板楼,699,78390.0,安定门,30人关注,1个月以前发布
小黄庄一区 ,2室2厅,132.06,南 北,精装,高楼层(共13层) ,暂无数据,板楼,1190,90111.0,安贞,8人关注,3个月以前发布
阳照胡同 ,2室1厅,60.06,南 北,简装,中楼层(共6层) ,暂无数据,板楼,648,107893.0,建国门内,3人关注,5个月以前发布
胜古中路1号院 ,4室2厅,226.39,东 西,简装,低楼层(共14层) ,暂无数据,板楼,1580,69792.0,安贞,15人关注,4个月以前发布
安外大街80号院 ,2室1厅,67.09,北 南,简装,中楼层(共14层) ,暂无数据,板塔结合,670,99866.0,和平里,19人关注,3个月以前发布
安外大街80号院 ,2室1厅,54.67,南 北,精装,低楼层(共6层) ,暂无数据,板楼,650,118896.0,和平里,1人关注,1个月以前发布
小黄庄一区 ,2室1厅,60.3,南 北,简装,顶层(共6层) ,暂无数据,板楼,615,101991.0,安贞,8人关注,9个月以前发布
东四北大街 ,2室1厅,73.25,东 西,其他,高楼层(共12层) ,暂无数据,板楼,780,106485.0,东四,5人关注,3个月以前发布
和平里七区 ,3室1厅,78.91,南 北,精装,低楼层(共3层) ,暂无数据,板楼,880,111520.0,和平里,8人关注,14天以前发布
和平里一区 ,3室1厅,85.84,南 北,简装,顶层(共5层) ,暂无数据,板楼,950,110672.0,和平里,4人关注,2个月以前发布
和平里七区 ,2室1厅,69.93,南 北,简装,高楼层(共6层) ,暂无数据,板楼,775,110826.0,和平里,7人关注,20天以前发布
新奥洋房 ,3室1厅,135.07,西南,简装,6层 ,暂无数据,板塔结合,1100,81440.0,永定门,37人关注,10个月以前发布
民安小区东扬威街 ,2室1厅,74.23,南 北,其他,低楼层(共15层) ,暂无数据,板楼,799,107639.0,东直门,20人关注,5个月以前发布
青年沟 ,2室1厅,61.29,南 北,精装,中楼层(共6层) ,暂无数据,板楼,599,97733.0,和平里,16人关注,6个月以前发布
东四块玉北街 ,2室1厅,85.57,南 北,精装,中楼层(共6层) ,暂无数据,板楼,758,88583.0,左安门,21人关注,3个月以前发布
兴化西里 ,2室2厅,77.29,东 西,简装,中楼层(共6层) ,暂无数据,板楼,750,97038.0,和平里,37人关注,6个月以前发布
盛德紫阙 ,3室1厅,147.43,西,精装,中楼层(共20层),2017年,板楼,1450,98352.0,和平里,0人关注,1天以前发布
和平里一区 ,3室1厅,85.84,南 北,精装,中楼层(共5层) ,暂无数据,板楼,966,112535.0,和平里,16人关注,1个月以前发布
沙子口路50号 ,3室1厅,120.83,东 西 北,精装,低楼层(共18层) ,暂无数据,塔楼,780,64554.0,永定门,19人关注,2个月以前发布
地坛北里 ,2室1厅,59.11,南 北,精装,底层(共5层) ,暂无数据,板楼,828,140078.0,和平里,0人关注,2个月以前发布
竹杆胡同 ,2室1厅,68.83,东北,简装,高楼层(共9层) ,暂无数据,板楼,790,114776.0,朝阳门内,2人关注,28天以前发布
民安小区东直门北中街 ,2室1厅,75.01,东 西,其他,中楼层(共13层) ,暂无数据,板楼,770,102653.0,东直门,6人关注,4个月以前发布
景泰西里65号院 ,2室1厅,61.47,南 北,简装,高楼层(共6层) ,暂无数据,板楼,478,77762.0,永定门,29人关注,10个月以前发布
广渠家园 ,2室1厅,71.15,西,其他,低楼层(共29层),2009年,板塔结合,620,87140.0,广渠门,39人关注,一年前发布
大羊宜宾胡同31号院 ,2室1厅,53.07,南 北,精装,6层 ,暂无数据,板楼,380,71604.0,建国门内,11人关注,6个月以前发布
朝阳门内大街75号院 ,3室1厅,110.8,东 西 北,精装,中楼层(共5层) ,暂无数据,板楼,1380,124549.0,朝阳门内,16人关注,5个月以前发布
雅宝公寓 ,2室2厅,139.62,南 北,精装,低楼层(共7层) ,暂无数据,板楼,1690,121043.0,建国门内,18人关注,11个月以前发布
北河沿大街 ,2室1厅,58.73,南 北,精装,低楼层(共6层) ,暂无数据,板楼,620,105568.0,灯市口,40人关注,11个月以前发布
北河沿大街 ,2室1厅,58.91,东 西,精装,低楼层(共6层) ,暂无数据,塔楼,590,100153.0,灯市口,34人关注,9个月以前发布
北河沿大街 ,2室1厅,60.66,南 北,精装,中楼层(共6层) ,暂无数据,板楼,650,107155.0,灯市口,10人关注,3个月以前发布
交道口北三条 ,3室1厅,69.43,南 北,精装,中楼层(共6层) ,暂无数据,板楼,880,126747.0,交道口,10人关注,2个月以前发布
东堂子胡同 ,3室2厅,110.78,东 西,简装,中楼层(共6层) ,暂无数据,板楼,990,89367.0,建国门内,15人关注,8个月以前发布
工体北里 ,2室1厅,54.85,东 西,精装,高楼层(共6层) ,暂无数据,板楼,630,114859.0,工体,11人关注,一年前发布
东中街 ,3室1厅,62.39,南 北,精装,中楼层(共6层) ,暂无数据,板楼,715,114602.0,东直门,9人关注,3个月以前发布
沙滩南巷 ,3室1厅,73.34,南 北,精装,中楼层(共6层) ,暂无数据,板楼,850,115899.0,灯市口,74人关注,一年前发布
胡家园26号院 ,3室1厅,121.63,东 东北,精装,顶层(共6层) ,暂无数据,板楼,868,71364.0,东直门,13人关注,6个月以前发布
正东国际大厦 ,3室1厅,210.45,西 北,简装,中楼层(共27层) ,暂无数据,塔楼,1460,69376.0,东直门,2人关注,3个月以前发布
胡家园小区 ,3室1厅,74.18,南 北,精装,中楼层(共20层) ,暂无数据,塔楼,700,94366.0,东直门,99人关注,一年前发布
广渠门外南街 ,2室1厅,57.79,西北 东南,其他,高楼层(共6层),1991年,板楼,529,91539.0,广渠门,0人关注,1个月以前发布
北官厅胡同甲二号院 ,3室1厅,73.47,南 北,简装,地下室(共6层) ,暂无数据,板楼,420,57167.0,东直门,20人关注,一年前发布
东华门大街 ,2室1厅,55.87,南 北,精装,顶层(共6层) ,暂无数据,板楼,599,107214.0,东单,16人关注,7个月以前发布
芳嘉园胡同 ,2室1厅,79.45,东 西,精装,底层(共6层) ,暂无数据,板楼,871,109629.0,朝阳门内,22人关注,一年前发布
十字坡西里 ,3室0厅,58.93,南 东 北,简装,中楼层(共5层) ,暂无数据,板楼,630,106907.0,东直门,42人关注,一年前发布
长安太和 ,2室1厅,143.76,北,精装,中楼层(共24层),2012年,板楼,1560,108515.0,建国门内,6人关注,6个月以前发布
雍和家园二期 ,3室2厅,292.01,东 西,精装,高楼层(共6层),2005年,板楼,2650,90751.0,和平里,12人关注,3个月以前发布
三元街甲19号院 ,3室1厅,53.72,南 北,简装,底层(共5层),1970年,板楼,430,80045.0,永定门,21人关注,3个月以前发布
景泰西里65号院 ,2室1厅,57.87,南,其他,高楼层(共6层) ,暂无数据,板楼,445,76897.0,永定门,32人关注,8个月以前发布
六铺炕 ,2室1厅,50.42,东,简装,高楼层(共6层) ,暂无数据,板楼,588,116621.0,安定门,13人关注,一年前发布
广渠家园 ,2室1厅,71.43,西,精装,高楼层(共29层),2009年,板塔结合,708,99119.0,广渠门,26人关注,一年前发布
东方银座 ,2室1厅,128.11,北,简装,高楼层(共26层),2003年,塔楼,930,72594.0,东直门,17人关注,一年前发布
潘家坡胡同4号院 ,2室1厅,56.16,南 北,简装,中楼层(共5层) ,暂无数据,板楼,542,96510.0,朝阳门外,38人关注,一年前发布
幸福家园二期 ,3室1厅,116.81,西 南 北,简装,高楼层(共18层) ,暂无数据,板塔结合,1280,109580.0,广渠门,51人关注,3个月以前发布
板桥胡同 ,2室1厅,54.67,南 北,简装,中楼层(共6层) ,暂无数据,板楼,498,91093.0,东四,11人关注,7天以前发布
保利蔷薇 ,2室1厅,86.62,东 北 南,简装,中楼层(共16层),2007年,板塔结合,850,98130.0,广渠门,19人关注,15天以前发布
管村26号院 ,2室1厅,69.03,南 北,精装,中楼层(共6层) ,暂无数据,板楼,455,65914.0,永定门,23人关注,1个月以前发布
海运仓小区 ,2室1厅,64.58,南 北,精装,中楼层(共9层) ,暂无数据,板塔结合,670,103748.0,东直门,42人关注,24天以前发布
中国强胡同 ,3室1厅,55.67,东 西 北,简装,顶层(共5层) ,暂无数据,板楼,460,82630.0,东花市,4人关注,9天以前发布
前门东大街 ,2室1厅,53.62,南 北,简装,低楼层(共10层) ,暂无数据,板楼,450,83924.0,前门,55人关注,3个月以前发布
南岗子 ,3室1厅,53.59,南 北,精装,底层(共6层) ,暂无数据,板楼,469,87517.0,崇文门,17人关注,2个月以前发布
和平里六区 ,3室1厅,75.29,南 北,简装,低楼层(共18层) ,暂无数据,塔楼,899,119405.0,和平里,6人关注,15天以前发布
依陶阁 ,3室1厅,110.45,南 北,精装,高楼层(共16层) ,暂无数据,板塔结合,650,58851.0,永定门,24人关注,16天以前发布
东交民巷32号院 ,2室1厅,48.95,南,简装,顶层(共13层) ,暂无数据,板塔结合,460,93974.0,前门,7人关注,31天以前发布
南门仓胡同 ,2室1厅,68.5,东 西,精装,中楼层(共6层) ,暂无数据,板楼,699,102044.0,朝阳门内,18人关注,3个月以前发布
西四块玉 ,2室1厅,64.13,南 北,简装,中楼层(共6层) ,暂无数据,板楼,478,74537.0,左安门,26人关注,1个月以前发布
北河沿大街 ,2室1厅,54.61,东 南 西,简装,中楼层(共5层) ,暂无数据,板楼,590,108039.0,灯市口,1人关注,6天以前发布
革新南路2号院 ,2室1厅,66.46,南 北,精装,中楼层(共21层) ,暂无数据,塔楼,465,69967.0,永定门,42人关注,1个月以前发布
朝阳门南小街 ,2室1厅,79.67,西,简装,中楼层(共9层),2003年,板楼,730,91628.0,朝阳门内,11人关注,22天以前发布
南岗子 ,3室1厅,56.47,东 西,简装,低楼层(共6层) ,暂无数据,板楼,469,83053.0,崇文门,16人关注,7个月以前发布
板厂南里 ,2室1厅,51.14,东 西,精装,中楼层(共5层) ,暂无数据,板楼,490,95816.0,广渠门,7人关注,2个月以前发布
安德路55号院 ,2室1厅,64.37,南 北,简装,底层(共4层) ,暂无数据,板楼,579,89949.0,安定门,8人关注,6天以前发布
东花市北里中区 ,2室1厅,67.65,东,简装,底层(共6层) ,暂无数据,塔楼,486,71841.0,东花市,43人关注,3个月以前发布
绿景馨园 ,3室1厅,81.36,南 北,简装,高楼层(共6层) ,暂无数据,板楼,710,87267.0,广渠门,57人关注,11个月以前发布
崇文门西大街 ,2室1厅,52.31,南 北,简装,顶层(共12层) ,暂无数据,板楼,438,83732.0,崇文门,8人关注,11天以前发布
朝阳门南小街 ,2室1厅,69.89,东 西,精装,16层 ,暂无数据,板塔结合,637,91144.0,朝阳门内,34人关注,2个月以前发布
安定路 ,1室1厅,41.67,东 南,简装,中楼层(共20层) ,暂无数据,塔楼,499,119751.0,安贞,2人关注,4个月以前发布
安外大街 ,1室1厅,46.83,东 西,简装,中楼层(共16层) ,暂无数据,板楼,498,106343.0,安贞,3人关注,5个月以前发布
安定路 ,1室1厅,43.39,东 南,精装,低楼层(共20层) ,暂无数据,塔楼,475,109473.0,安贞,2人关注,3个月以前发布
安圣苑 ,4室2厅,200.32,西南,精装,中楼层(共20层),1999年,塔楼,1950,97345.0,安贞,3人关注,2个月以前发布
胜古中路1号院 ,7室2厅,148.9,东 西,简装,中楼层(共14层) ,暂无数据,板楼,990,66488.0,安贞,6人关注,1个月以前发布
天坛东里南区 ,2室1厅,69.82,西南,简装,中楼层(共12层) ,暂无数据,板楼,499,71470.0,天坛,59人关注,6个月以前发布
崇文门东大街 ,2室1厅,55.23,南,精装,中楼层(共14层) ,暂无数据,板楼,510,92342.0,崇文门,47人关注,4个月以前发布
东交民巷32号院 ,3室1厅,71.15,东 西,简装,低楼层(共13层) ,暂无数据,板塔结合,628,88265.0,前门,36人关注,8个月以前发布
竹杆胡同 ,2室1厅,68.36,东 南,简装,中楼层(共9层) ,暂无数据,板楼,695,101668.0,朝阳门内,23人关注,7个月以前发布
板厂南里 ,2室1厅,51.85,东,精装,中楼层(共5层) ,暂无数据,板楼,466,89875.0,广渠门,11人关注,8个月以前发布
龙潭北里 ,2室1厅,56.12,南 北,简装,底层(共5层) ,暂无数据,板楼,530,94441.0,左安门,10人关注,15天以前发布
定安里 ,2室1厅,53.99,南,简装,中楼层(共6层) ,暂无数据,板楼,330,61123.0,永定门,12人关注,29天以前发布
北京上舍 ,2室1厅,73.3,西,简装,低楼层(共15层) ,暂无数据,塔楼,670,91406.0,广渠门,1人关注,7天以前发布
百荣嘉园 ,2室1厅,70.77,东,简装,高楼层(共21层) ,暂无数据,板塔结合,450,63587.0,永定门,50人关注,3个月以前发布
百荣嘉园 ,2室1厅,71.35,南,简装,高楼层(共21层) ,暂无数据,板塔结合,491,68816.0,永定门,9人关注,11天以前发布
龙潭北里 ,2室1厅,56.34,南 北,简装,中楼层(共5层) ,暂无数据,板楼,516,91587.0,左安门,16人关注,1个月以前发布
龙潭北里 ,2室1厅,48.39,东 西,简装,底层(共5层) ,暂无数据,板楼,438,90515.0,左安门,22人关注,6个月以前发布
安化北里 ,2室1厅,68.62,东 南,毛坯,中楼层(共17层) ,暂无数据,塔楼,620,90353.0,广渠门,4人关注,6天以前发布
青年湖北里 ,2室1厅,62.66,东 西,简装,高楼层(共6层) ,暂无数据,板楼,510,81392.0,安定门,11人关注,16天以前发布
天坛东里南区 ,2室1厅,47.17,南,简装,低楼层(共12层) ,暂无数据,板塔结合,375,79500.0,天坛,35人关注,2个月以前发布
安外西河沿路2号院 ,2室1厅,78.89,南,精装,中楼层(共11层) ,暂无数据,板楼,1035,131196.0,安定门,20人关注,1个月以前发布
崇文门东大街 ,2室1厅,81.96,南,简装,17层 ,暂无数据,塔楼,666,81260.0,崇文门,87人关注,7个月以前发布
国瑞城中区 ,2室1厅,80.76,西北,简装,中楼层(共16层),2006年,塔楼,818,101288.0,崇文门,30人关注,5个月以前发布
六铺炕 ,2室1厅,54.99,东,简装,高楼层(共16层) ,暂无数据,塔楼,568,103292.0,安定门,10人关注,6个月以前发布
安德路乙61号院 ,2室1厅,59.33,东 西,简装,顶层(共12层) ,暂无数据,板楼,560,94388.0,安定门,6人关注,4个月以前发布
城市亮点 ,2室1厅,47.11,西,精装,高楼层(共12层) ,暂无数据,板塔结合,408,86606.0,永定门,4人关注,1个月以前发布
东直门南大街 ,2室1厅,64.02,西南,简装,低楼层(共18层) ,暂无数据,塔楼,598,93409.0,东直门,10人关注,2个月以前发布
富莱茵花园 ,2室1厅,62.06,南 北,精装,高楼层(共6层),1990年,板楼,375,60426.0,永定门,20人关注,24天以前发布
小黄庄一区 ,3室1厅,84.33,南 西 北,简装,中楼层(共21层) ,暂无数据,板塔结合,870,103167.0,安贞,5人关注,22天以前发布
青年沟 ,2室1厅,57.96,南 北,精装,顶层(共6层) ,暂无数据,板楼,666,114907.0,和平里,1人关注,17天以前发布
兴化路11号院 ,2室1厅,56.48,南,精装,低楼层(共12层) ,暂无数据,板塔结合,580,102692.0,安贞,7人关注,5个月以前发布
新奥洋房 ,2室2厅,111.16,南 北,精装,11层 ,暂无数据,板楼,1080,97158.0,永定门,12人关注,3个月以前发布
西青年沟 ,2室1厅,50.91,南,简装,6层,1983年,板楼,580,113927.0,安贞,2人关注,1个月以前发布
法华南里 ,3室1厅,113.14,南 北,其他,低楼层(共6层),1995年,板楼,1099,97137.0,崇文门,10人关注,10个月以前发布
本家润园C区 ,2室1厅,83.26,南 北,精装,低楼层(共18层) ,暂无数据,板塔结合,770,92482.0,东花市,15人关注,1个月以前发布
和平里七区 ,2室1厅,58.16,南 北,简装,顶层(共6层) ,暂无数据,板楼,600,103164.0,和平里,2人关注,12天以前发布
国瑞城中区 ,3室1厅,69.54,南 西,精装,底层(共16层) ,暂无数据,塔楼,768,110441.0,崇文门,10人关注,1个月以前发布
兴化路11号院 ,2室0厅,56.48,南,其他,顶层(共12层) ,暂无数据,板塔结合,599,106056.0,安贞,4人关注,6个月以前发布
新景家园西区 ,2室1厅,78.71,南,其他,顶层(共14层) ,暂无数据,板楼,780,99098.0,崇文门,26人关注,9个月以前发布
绿景苑 ,2室1厅,69.61,东,简装,中楼层(共14层) ,暂无数据,板塔结合,790,113490.0,广渠门,1人关注,9个月以前发布
仓南胡同14号院 ,2室2厅,74.56,南 北,精装,顶层(共6层),1993年,板楼,765,102602.0,朝阳门内,16人关注,一年前发布
地坛北门 ,3室1厅,70.23,南 北,精装,中楼层(共5层) ,暂无数据,板楼,799,113770.0,和平里,19人关注,2个月以前发布
民安小区民安街 ,2室1厅,72.59,南 北,精装,中楼层(共6层) ,暂无数据,板楼,790,108831.0,东直门,59人关注,6个月以前发布
海晟名苑北区 ,1室2厅,96.5,东,精装,17层,2007年,板塔结合,1080,111918.0,工体,2人关注,1个月以前发布
长安太和 ,1室1厅,105.21,西,精装,低楼层(共24层),2012年,板楼,1080,102652.0,建国门内,14人关注,4个月以前发布
校尉胡同 ,4室1厅,107.46,南 北 西,其他,中楼层(共6层) ,暂无数据,板楼,1090,101434.0,东单,13人关注,21天以前发布
富莱茵花园 ,4室1厅,160.9,南 北,简装,低楼层(共6层) ,暂无数据,板楼,1098,68242.0,永定门,60人关注,1个月以前发布
盛德紫阙 ,1室1厅,92.69,东,精装,中楼层(共20层) ,暂无数据,板塔结合,950,102493.0,和平里,2人关注,9个月以前发布
安定路 ,1室1厅,40.2,东 南,精装,高楼层(共18层) ,暂无数据,塔楼,468,116418.0,安贞,9人关注,1个月以前发布
安定路 ,1室1厅,43.39,东南,精装,高楼层(共20层) ,暂无数据,塔楼,480,110625.0,安贞,9人关注,5个月以前发布
安外大街 ,1室1厅,46.83,东,简装,高楼层(共16层) ,暂无数据,板楼,475,101431.0,安贞,2人关注,24天以前发布
安定路 ,1室1厅,49.74,西南,精装,高楼层(共18层) ,暂无数据,塔楼,580,116607.0,安贞,3人关注,6个月以前发布
民旺园 ,2室1厅,64.75,南 北,简装,高楼层(共6层) ,暂无数据,板楼,689,106410.0,和平里,11人关注,2个月以前发布
光明西里 ,3室1厅,77.71,西 南 北,简装,中楼层(共6层) ,暂无数据,板楼,730,93940.0,广渠门,17人关注,1个月以前发布
中海紫御公馆 ,2室1厅,61.03,西北,精装,中楼层(共20层) ,暂无数据,板塔结合,628,102901.0,陶然亭,17人关注,4个月以前发布
朝阳门内大街甲190号院 ,2室1厅,80.2,南 北,精装,顶层(共3层) ,暂无数据,板楼,680,84789.0,金宝街,6人关注,8天以前发布
胡家园小区 ,3室1厅,74.38,南 北,精装,顶层(共12层) ,暂无数据,板楼,699,93977.0,东直门,22人关注,1个月以前发布
广渠家园 ,2室1厅,71.15,西,精装,低楼层(共29层),2009年,板塔结合,549,77161.0,广渠门,39人关注,3个月以前发布
海运仓小区 ,2室1厅,67.22,南 北,精装,中楼层(共6层) ,暂无数据,板楼,715,106368.0,东直门,17人关注,1个月以前发布
望坛新苑 ,2室1厅,73.01,南 北,精装,11层 ,暂无数据,板楼,620,84920.0,永定门,9人关注,4天以前发布
广渠家园 ,2室1厅,60.86,东北,精装,中楼层(共29层) ,暂无数据,塔楼,519,85278.0,广渠门,23人关注,1个月以前发布
和平里中街3号院 ,2室1厅,75.91,西南 西,精装,中楼层(共20层) ,暂无数据,塔楼,750,98802.0,和平里,31人关注,1个月以前发布
东直门内大街 ,2室1厅,76.74,南,简装,底层(共16层) ,暂无数据,塔楼,665,86657.0,东直门,25人关注,2个月以前发布
东直门内大街 ,2室1厅,71.62,西南,简装,中楼层(共16层) ,暂无数据,塔楼,648,90478.0,东直门,48人关注,2个月以前发布
广渠家园 ,2室1厅,60.31,南 北,精装,低楼层(共17层) ,暂无数据,塔楼,535,88709.0,广渠门,41人关注,3个月以前发布
永定门东街西里 ,2室1厅,49.37,南 北 东,简装,顶层(共4层) ,暂无数据,板楼,375,75958.0,天坛,2人关注,3天以前发布
东华门大街 ,2室1厅,60.3,南 北,毛坯,底层(共6层) ,暂无数据,板楼,620,102820.0,东单,10人关注,1个月以前发布
朝内大街203号院 ,3室1厅,75.42,东南,精装,高楼层(共12层) ,暂无数据,板塔结合,865,114692.0,东四,31人关注,21天以前发布
宝钞胡同 ,2室1厅,56.08,南 北,毛坯,中楼层(共6层) ,暂无数据,板楼,598,106634.0,安定门,16人关注,5个月以前发布
地坛北门 ,2室1厅,51.32,南 北,毛坯,底层(共5层) ,暂无数据,板楼,555,108145.0,和平里,85人关注,6个月以前发布
民旺园 ,2室1厅,53.69,南,简装,顶层(共5层) ,暂无数据,板楼,518,96480.0,和平里,8人关注,18天以前发布
台基厂三条 ,2室1厅,56.96,南 北,简装,低楼层(共6层) ,暂无数据,板楼,598,104986.0,前门,8人关注,8天以前发布
西革新里124号 ,2室1厅,50.98,南,简装,6层 ,暂无数据,板楼,292,57278.0,永定门,17人关注,10天以前发布
百荣嘉园 ,3室1厅,81.21,西南 北,简装,低楼层(共21层) ,暂无数据,板塔结合,510,62801.0,永定门,62人关注,9个月以前发布
永定门东街东里 ,2室1厅,47.45,南 北,简装,底层(共5层) ,暂无数据,板楼,355,74816.0,天坛,41人关注,1个月以前发布
南岗子 ,2室1厅,57.87,南 北,精装,高楼层(共6层) ,暂无数据,板楼,448,77415.0,崇文门,2人关注,5天以前发布
东直门外大街(东城） ,3室1厅,80.61,西北,其他,中楼层(共16层) ,暂无数据,塔楼,659,81752.0,东直门,7人关注,1个月以前发布
香河园北里 ,2室1厅,59.34,南 北,简装,低楼层(共6层) ,暂无数据,板楼,505,85103.0,东直门,44人关注,7个月以前发布
地坛北门 ,2室1厅,51.29,南,简装,中楼层(共5层) ,暂无数据,板楼,570,111133.0,和平里,11人关注,4个月以前发布
国祥胡同4号院 ,2室1厅,53.55,南 北,精装,中楼层(共5层) ,暂无数据,板楼,615,114846.0,安定门,6人关注,2个月以前发布
青年湖南街6号院 ,2室1厅,58.2,南 北,精装,高楼层(共6层) ,暂无数据,板楼,565,97080.0,安定门,10人关注,30天以前发布
民主北街22号院 ,2室1厅,49.96,北 南,简装,中楼层(共5层) ,暂无数据,板楼,379,75861.0,永定门,15人关注,1个月以前发布
东交民巷32号院 ,2室0厅,44.08,东 西,简装,中楼层(共13层) ,暂无数据,板塔结合,420,95282.0,前门,3人关注,25天以前发布
香河园北里 ,2室1厅,60.27,东 西,精装,高楼层(共14层) ,暂无数据,板楼,509,84454.0,东直门,8人关注,1个月以前发布
大方家胡同 ,2室1厅,76.42,南 北,精装,低楼层(共16层) ,暂无数据,板楼,705,92254.0,朝阳门内,6人关注,14天以前发布
仓南胡同12号院 ,2室1厅,60.03,南 北,简装,中楼层(共6层) ,暂无数据,板楼,586,97618.0,朝阳门内,32人关注,3个月以前发布
车站路6号院 ,3室1厅,65.85,南 北,精装,6层 ,暂无数据,板楼,438,66515.0,北京南站,29人关注,1个月以前发布
和平里一区 ,3室1厅,60.79,南 北,简装,中楼层(共11层) ,暂无数据,板楼,658,108242.0,和平里,37人关注,1个月以前发布
水上华城 ,3室1厅,147.16,西南,精装,顶层(共23层),2005年,板楼,1490,101251.0,广渠门,26人关注,2个月以前发布
车站路6号院 ,2室1厅,47.19,东 西,简装,6层 ,暂无数据,板楼,190,40263.0,北京南站,10人关注,6天以前发布
大羊宜宾胡同31号院 ,3室1厅,77.82,南 北,毛坯,6层 ,暂无数据,板楼,690,88667.0,建国门内,19人关注,17天以前发布
什锦花园胡同 ,2室1厅,47.29,南 北,精装,中楼层(共5层) ,暂无数据,板楼,599,126666.0,东四,24人关注,6个月以前发布
春秀路 ,2室1厅,57.68,南 北,精装,中楼层(共6层) ,暂无数据,板楼,605,104890.0,东直门,11人关注,1个月以前发布
青年湖西里 ,3室1厅,54.08,南 北,简装,底层(共5层) ,暂无数据,板楼,648,119823.0,安定门,3人关注,1个月以前发布
向新西里 ,3室1厅,65.38,南 北,精装,中楼层(共6层) ,暂无数据,板楼,490,74947.0,左安门,23人关注,2个月以前发布
什锦花园胡同21号院 ,2室1厅,45.88,南 北,精装,顶层(共5层) ,暂无数据,板楼,540,117699.0,东四,17人关注,3个月以前发布
胡家园小区 ,2室1厅,80.65,东北,简装,中楼层(共10层) ,暂无数据,板塔结合,695,86175.0,东直门,39人关注,2个月以前发布
民旺园 ,2室1厅,75.04,东 西,精装,中楼层(共9层) ,暂无数据,板楼,738,98348.0,和平里,27人关注,2个月以前发布
青年湖东里 ,2室1厅,64.38,南 西,精装,高楼层(共18层) ,暂无数据,塔楼,799,124107.0,安定门,9人关注,6个月以前发布
左安漪园 ,3室1厅,112.35,东,简装,低楼层(共15层) ,暂无数据,板塔结合,1060,94349.0,左安门,12人关注,6个月以前发布
海运仓小区 ,3室1厅,80.94,南 北,简装,高楼层(共7层) ,暂无数据,板楼,1053,130097.0,东直门,10人关注,11个月以前发布
和平里七区 ,3室1厅,77.84,南 北,精装,顶层(共6层) ,暂无数据,板楼,739,94939.0,和平里,12人关注,4个月以前发布
和平里七区 ,2室1厅,60.59,南 北,精装,中楼层(共6层) ,暂无数据,板楼,630,103978.0,和平里,8人关注,1个月以前发布
三秀涵雅 ,2室1厅,87.32,东 南,精装,高楼层(共18层) ,暂无数据,塔楼,780,89327.0,安定门,1人关注,3天以前发布
和平里七区 ,3室1厅,78.47,东 南 北,简装,底层(共4层) ,暂无数据,板楼,866,110361.0,和平里,39人关注,2个月以前发布
灯市口西街 ,3室1厅,83.77,南 北,其他,顶层(共6层) ,暂无数据,板楼,785,93709.0,灯市口,5人关注,2个月以前发布
小黄庄一区 ,3室1厅,89.05,南 北,简装,中楼层(共6层) ,暂无数据,板楼,1180,132510.0,安贞,9人关注,6个月以前发布
和平里七区 ,3室1厅,81.2,南 北 西,简装,底层(共4层) ,暂无数据,板楼,860,105912.0,和平里,13人关注,8天以前发布
仓南胡同12号院 ,3室1厅,80.87,东 南 北,其他,顶层(共6层) ,暂无数据,板楼,760,93978.0,朝阳门内,20人关注,一年前发布
北官厅胡同 ,3室1厅,73.94,南 西,简装,中楼层(共6层) ,暂无数据,板楼,740,100082.0,东直门,53人关注,1个月以前发布
桃杨路北里 ,2室1厅,57.3,南 北,精装,底层(共6层) ,暂无数据,板楼,398,69459.0,永定门,19人关注,2个月以前发布
东直门北大街 ,3室1厅,77.39,东 西 北,简装,中楼层(共12层) ,暂无数据,板塔结合,635,82052.0,东直门,28人关注,30天以前发布
天坛东里中区 ,3室1厅,64.47,南 北,精装,中楼层(共5层) ,暂无数据,板楼,518,80348.0,天坛,32人关注,15天以前发布
胡家园小区 ,3室1厅,81.21,东 南 西,简装,低楼层(共20层) ,暂无数据,塔楼,740,91122.0,东直门,11人关注,11天以前发布
和平新城一期 ,2室1厅,122.76,西南 北,精装,中楼层(共19层) ,暂无数据,板塔结合,1227,99952.0,和平里,6人关注,14天以前发布
和平里一区 ,3室1厅,69.08,南 北,简装,中楼层(共11层) ,暂无数据,板楼,698,101043.0,和平里,62人关注,4个月以前发布
东皇城根南街 ,2室1厅,58.3,南 北,精装,高楼层(共6层) ,暂无数据,板楼,560,96055.0,灯市口,24人关注,2个月以前发布
东中街 ,2室1厅,58.56,南 北,精装,底层(共14层) ,暂无数据,板楼,496,84700.0,东直门,44人关注,3个月以前发布
丽水湾畔家园 ,3室1厅,139.91,南 北,精装,高楼层(共21层) ,暂无数据,板塔结合,1198,85627.0,广渠门,22人关注,3个月以前发布
建予园 ,2室1厅,88.77,南,简装,低楼层(共16层) ,暂无数据,塔楼,585,65901.0,永定门,28人关注,1个月以前发布
地坛北里 ,2室1厅,59.46,南 北,简装,底层(共5层) ,暂无数据,板楼,648,108981.0,和平里,8人关注,30天以前发布
东直门外大街(东城） ,2室1厅,54.95,西北,简装,中楼层(共14层) ,暂无数据,塔楼,500,90992.0,东直门,18人关注,1个月以前发布
外交部街33号院 ,3室1厅,82.52,南 北,简装,中楼层(共6层) ,暂无数据,板楼,1160,140572.0,建国门内,15人关注,10天以前发布
定安里 ,2室1厅,54.79,南,简装,顶层(共6层) ,暂无数据,板楼,310,56580.0,永定门,91人关注,7个月以前发布
广渠家园 ,2室1厅,51.27,东,简装,顶层(共29层),2009年,板塔结合,400,78019.0,广渠门,14人关注,1个月以前发布
夕照寺西里 ,2室1厅,51.38,南 北,毛坯,中楼层(共6层) ,暂无数据,板楼,450,87583.0,广渠门,41人关注,3个月以前发布
民旺园 ,2室1厅,64.79,南 北,精装,高楼层(共6层) ,暂无数据,板楼,699,107888.0,和平里,17人关注,4个月以前发布
香饵胡同 ,2室1厅,67.92,南 北,简装,中楼层(共6层) ,暂无数据,板楼,959,141196.0,交道口,24人关注,10个月以前发布
仓南胡同14号院 ,2室1厅,70.6,南 北,简装,地下室(共6层),1994年,板楼,600,84986.0,朝阳门内,0人关注,1个月以前发布
外交部街 ,2室0厅,58.27,南 北,简装,顶层(共6层) ,暂无数据,板楼,530,90956.0,建国门内,7人关注,9个月以前发布
利薄营胡同 ,2室1厅,46.07,东 南 北,简装,顶层(共5层) ,暂无数据,板塔结合,568,123291.0,东四,10人关注,9个月以前发布
东直门外小街10号院 ,2室1厅,57.49,东 西,精装,高楼层(共6层) ,暂无数据,板楼,520,90451.0,东直门,11人关注,一年前发布
民安小区东直门北中街 ,2室1厅,56.01,东 西,精装,顶层(共6层) ,暂无数据,板楼,590,105339.0,东直门,2人关注,6个月以前发布
定安里 ,2室1厅,54.1,南 北,简装,顶层(共6层) ,暂无数据,板楼,360,66544.0,永定门,39人关注,9个月以前发布
广渠家园 ,2室2厅,71.27,东,简装,低楼层(共29层) ,暂无数据,塔楼,620,86994.0,广渠门,27人关注,5个月以前发布
阳光都市 ,3室1厅,145.34,东北,精装,低楼层(共24层) ,暂无数据,塔楼,1230,84630.0,工体,5人关注,1个月以前发布
东总布胡同19号院 ,3室1厅,89.93,北 西 南,精装,中楼层(共16层) ,暂无数据,板塔结合,1130,125654.0,建国门内,32人关注,一年前发布
胡家园小区 ,3室1厅,82.07,南 西,简装,低楼层(共17层) ,暂无数据,塔楼,830,101134.0,东直门,47人关注,一年前发布
潘家坡胡同2号院 ,2室1厅,57.6,西 东,精装,低楼层(共6层) ,暂无数据,板楼,520,90278.0,朝阳门外,3人关注,5个月以前发布
建国门北大街5号 ,2室1厅,146.17,西,精装,中楼层(共24层),2008年,板楼,850,58152.0,建国门内,13人关注,一年前发布
灯市口大街 ,2室1厅,71.27,南 北,简装,低楼层(共10层) ,暂无数据,板楼,888,124597.0,灯市口,47人关注,一年前发布
海晟名苑南区 ,3室1厅,141.64,东 西,精装,中楼层(共12层) ,暂无数据,板塔结合,1850,130613.0,工体,23人关注,一年前发布
仓南胡同12号院 ,2室1厅,53.13,南 北,简装,地下室(共6层) ,暂无数据,板楼,460,86581.0,朝阳门内,5人关注,2个月以前发布
沙滩南巷 ,2室1厅,54.08,南 北,精装,低楼层(共6层) ,暂无数据,板楼,699,129253.0,灯市口,16人关注,6个月以前发布
东直门外小街8号院 ,2室1厅,62.91,南 北,简装,高楼层(共6层) ,暂无数据,板楼,499,79320.0,东直门,14人关注,3个月以前发布
东直门南大街 ,2室1厅,57.98,东 北,精装,中楼层(共18层) ,暂无数据,塔楼,525,90549.0,东直门,75人关注,11个月以前发布
西香河园 ,2室1厅,52.46,南 北,其他,顶层(共6层) ,暂无数据,板楼,435,82921.0,东直门,45人关注,一年前发布
小羊宜宾胡同 ,2室1厅,58.55,南 北,精装,顶层(共16层) ,暂无数据,塔楼,645,110163.0,建国门内,7人关注,5个月以前发布
中海紫御公馆 ,2室1厅,60.58,西北,简装,低楼层(共19层) ,暂无数据,板塔结合,700,115550.0,陶然亭,36人关注,一年前发布
海晟名苑南区 ,3室1厅,131.79,南 北,精装,高楼层(共22层) ,暂无数据,板塔结合,1835,139237.0,工体,11人关注,1个月以前发布
东花市北里中区 ,2室1厅,78.98,西,精装,中楼层(共6层),1994年,塔楼,560,70905.0,东花市,24人关注,2个月以前发布
西香河园 ,3室1厅,59.96,西南 北,简装,中楼层(共6层) ,暂无数据,板楼,640,106738.0,东直门,21人关注,9个月以前发布
富莱茵花园 ,2室1厅,63.06,南,毛坯,低楼层(共21层) ,暂无数据,塔楼,390,61846.0,永定门,394人关注,一年前发布
北河沿大街 ,3室1厅,73.09,东北,其他,高楼层(共6层) ,暂无数据,塔楼,730,99877.0,灯市口,5人关注,3个月以前发布
西总布胡同55号院 ,2室1厅,55.24,南 北,简装,顶层(共6层) ,暂无数据,板楼,580,104997.0,建国门内,10人关注,1个月以前发布
沙子口路65号 ,2室1厅,61.44,东 西,精装,顶层(共6层) ,暂无数据,板楼,400,65105.0,永定门,23人关注,一年前发布
北官厅胡同 ,3室1厅,71.51,东 南 西 北,精装,中楼层(共16层) ,暂无数据,塔楼,850,118865.0,东直门,22人关注,7个月以前发布
雅安国际公寓 ,2室1厅,131.58,东 北,精装,低楼层(共19层),2005年,塔楼,1300,98800.0,建国门内,10人关注,9个月以前发布
沙子口路61号 ,3室1厅,71.6,东 西,其他,中楼层(共6层) ,暂无数据,板楼,550,76816.0,永定门,1人关注,1个月以前发布
梵悦万国府 ,3室2厅,244.16,西 北,精装,32层,2002年,塔楼,2980,122052.0,东直门,1人关注,1个月以前发布
贡院九号 ,2室1厅,135.95,南,精装,高楼层(共18层) ,暂无数据,板塔结合,1630,119898.0,建国门内,39人关注,一年前发布
方砖厂胡同 ,2室1厅,32.6,南,毛坯,底层(共1层) ,暂无数据,平房,510,156442.0,地安门,8人关注,3个月以前发布
东直门外大街(东城） ,2室0厅,71.1,南 北,简装,中楼层(共14层) ,暂无数据,板塔结合,613,86217.0,东直门,3人关注,1个月以前发布
富莱茵花园 ,2室1厅,119.1,东北,精装,中楼层(共21层),2001年,塔楼,860,72209.0,永定门,6人关注,11个月以前发布
幸福家园二期 ,2室1厅,111.53,南 北,简装,低楼层(共18层),2003年,板塔结合,1238,111002.0,广渠门,62人关注,一年前发布
聚龙花园 ,3室2厅,218.24,东北,精装,中楼层(共8层) ,暂无数据,塔楼,1899,87015.0,工体,3人关注,1个月以前发布
安德里北街25号院 ,2室1厅,70.94,东南,精装,低楼层(共17层) ,暂无数据,塔楼,650,91627.0,安定门,12人关注,2个月以前发布
安德里北街25号院 ,2室1厅,62.48,西北,精装,中楼层(共17层) ,暂无数据,塔楼,600,96031.0,安定门,10人关注,2个月以前发布
安德里北街25号院 ,2室1厅,62.48,西 北,简装,低楼层(共17层) ,暂无数据,塔楼,630,100833.0,安定门,5人关注,6个月以前发布
中绦胡同甲2号院 ,2室1厅,59.15,南 北,精装,中楼层(共6层) ,暂无数据,板楼,830,140322.0,安定门,5人关注,10个月以前发布
春秀路 ,3室1厅,73.43,东北,其他,底层(共6层) ,暂无数据,板楼,688,93695.0,东直门,5人关注,1个月以前发布
清水苑 ,2室1厅,50.7,西南,精装,低楼层(共6层) ,暂无数据,板楼,610,120316.0,东直门,9人关注,10个月以前发布
十字坡西里 ,2室1厅,52.54,南,简装,顶层(共5层) ,暂无数据,板楼,599,114009.0,东直门,7人关注,一年前发布
万国城MOMA ,2室1厅,115.64,西北,精装,低楼层(共26层) ,暂无数据,板塔结合,1336,115531.0,东直门,35人关注,5个月以前发布
永铁苑 ,2室1厅,77.15,西南,简装,中楼层(共22层) ,暂无数据,塔楼,650,84252.0,永定门,32人关注,一年前发布
永铁苑 ,3室1厅,122.71,西南 北,简装,低楼层(共22层),2000年,塔楼,836,68129.0,永定门,33人关注,一年前发布
中海紫御公馆 ,2室1厅,63.89,东北,精装,中楼层(共18层) ,暂无数据,板塔结合,650,101738.0,陶然亭,66人关注,一年前发布
东直门南大街 ,2室1厅,61.42,东北,精装,高楼层(共18层) ,暂无数据,板塔结合,630,102573.0,东直门,1人关注,2个月以前发布
车辇店胡同 ,2室1厅,64.98,南 北,精装,底层(共11层) ,暂无数据,板塔结合,750,115421.0,安定门,20人关注,9个月以前发布
广渠门外南街 ,2室1厅,68.11,西南,精装,中楼层(共12层) ,暂无数据,板塔结合,650,95434.0,广渠门,3人关注,1个月以前发布
骑河楼大街 ,2室1厅,58.25,东 西,简装,6层 ,暂无数据,板楼,818,140430.0,灯市口,1人关注,2个月以前发布
华龙美晟 ,2室1厅,80.65,东,精装,低楼层(共10层),2009年,板塔结合,648,80348.0,永定门,43人关注,6个月以前发布
竹杆胡同 ,2室1厅,69.07,东南,精装,中楼层(共9层) ,暂无数据,板楼,749,108441.0,朝阳门内,35人关注,5个月以前发布
东直门内大街 ,2室1厅,63.66,南 北,精装,高楼层(共12层) ,暂无数据,板楼,715,112316.0,东直门,17人关注,5个月以前发布
花梗胡同1号院 ,2室1厅,51.0,南,简装,高楼层(共6层) ,暂无数据,板楼,850,166667.0,交道口,12人关注,一年前发布
北官厅胡同2号院 ,2室1厅,58.28,南 北,简装,低楼层(共6层) ,暂无数据,板楼,630,108099.0,东直门,2人关注,30天以前发布
东直门北大街 ,2室1厅,64.79,东 西,精装,高楼层(共14层) ,暂无数据,板楼,686,105881.0,东直门,15人关注,10个月以前发布
朝阳门南小街 ,2室1厅,65.05,南 西,精装,低楼层(共11层) ,暂无数据,板楼,650,99924.0,朝阳门内,18人关注,7个月以前发布
西香河园 ,3室1厅,67.15,南 北,精装,顶层(共6层) ,暂无数据,板楼,598,89055.0,东直门,13人关注,3个月以前发布
东厂胡同 ,2室1厅,56.9,南 北,其他,高楼层(共6层) ,暂无数据,板楼,718,126187.0,灯市口,6人关注,一年前发布
北总布胡同 ,3室1厅,81.21,东 西,精装,高楼层(共6层) ,暂无数据,板楼,950,116981.0,建国门内,23人关注,一年前发布
朝阳门内大街 ,2室1厅,50.56,南 北,其他,地下室(共6层) ,暂无数据,板楼,450,89004.0,朝阳门内,2人关注,5个月以前发布
中绦胡同甲2号院 ,2室1厅,52.95,南,简装,底层(共6层) ,暂无数据,板楼,695,131256.0,安定门,3人关注,1个月以前发布
华普花园 ,3室1厅,142.25,东,精装,中楼层(共22层) ,暂无数据,塔楼,1150,80844.0,东直门,6人关注,4个月以前发布
海运仓小区 ,3室1厅,83.85,东南 西,精装,低楼层(共7层) ,暂无数据,板楼,1050,125224.0,东直门,16人关注,8个月以前发布
六铺炕 ,2室1厅,54.99,东,精装,低楼层(共16层) ,暂无数据,塔楼,630,114567.0,安定门,4人关注,4个月以前发布
林调社区 ,2室2厅,64.35,南,精装,中楼层(共13层) ,暂无数据,板塔结合,960,149185.0,和平里,0人关注,29天以前发布
北河沿大街 ,2室1厅,52.57,东北,精装,底层(共6层) ,暂无数据,塔楼,666,126689.0,灯市口,4人关注,6个月以前发布
使馆壹号院 ,3室2厅,232.92,南 北,其他,低楼层(共19层) ,暂无数据,板楼,4199,180277.0,东直门,8人关注,1个月以前发布
春秀路 ,2室1厅,68.58,南 北,其他,中楼层(共6层) ,暂无数据,板楼,698,101779.0,东直门,17人关注,2个月以前发布
东方银座 ,2室1厅,113.17,东北,简装,低楼层(共25层) ,暂无数据,塔楼,900,79527.0,东直门,1人关注,31天以前发布
雍和家园二期 ,3室2厅,254.29,东 西 北,精装,高楼层(共6层),2005年,板楼,2550,100280.0,和平里,9人关注,2个月以前发布
梵悦万国府 ,3室2厅,237.89,东南 南,精装,32层,2002年,塔楼,5270,221531.0,东直门,9人关注,8个月以前发布
当代MOMA ,3室1厅,147.71,东北,精装,中楼层(共20层) ,暂无数据,塔楼,1700,115091.0,东直门,22人关注,7个月以前发布
仓南胡同12号院 ,2室1厅,53.13,南 北,其他,地下室(共6层) ,暂无数据,板楼,590,111049.0,朝阳门内,4人关注,一年前发布
十字坡西里 ,2室1厅,56.56,南 北,简装,高楼层(共6层) ,暂无数据,板楼,630,111387.0,东直门,9人关注,6个月以前发布
金鱼池西区 ,2室1厅,61.02,南 北,简装,中楼层(共5层) ,暂无数据,板楼,638,104556.0,天坛,5人关注,9个月以前发布
工体北路 ,2室1厅,48.96,南,精装,低楼层(共16层) ,暂无数据,塔楼,595,121528.0,工体,18人关注,一年前发布
仓南胡同12号院 ,3室2厅,72.95,南 西 北,其他,地下室(共6层) ,暂无数据,板楼,590,80878.0,朝阳门内,4人关注,8个月以前发布
西水井胡同 ,2室1厅,74.38,南 北,简装,高楼层(共15层),2006年,板塔结合,730,98145.0,朝阳门内,37人关注,一年前发布
大羊宜宾胡同33号院 ,2室1厅,57.55,南 北,其他,底层(共4层) ,暂无数据,板楼,616,107038.0,建国门内,24人关注,一年前发布
万国城MOMA ,3室2厅,232.54,西南,精装,高楼层(共25层) ,暂无数据,塔楼,2650,113959.0,东直门,29人关注,7个月以前发布
东堂子胡同 ,2室1厅,63.99,东 西,精装,高楼层(共6层) ,暂无数据,板楼,550,85951.0,建国门内,41人关注,6个月以前发布
和平里九区 ,2室1厅,88.8,西北,精装,顶层(共4层) ,暂无数据,板楼,740,83334.0,和平里,11人关注,2个月以前发布
东方银座 ,2室1厅,80.76,东,简装,中楼层(共26层) ,暂无数据,塔楼,650,80486.0,东直门,10人关注,1个月以前发布
富贵园一区 ,3室2厅,135.97,南 北,精装,中楼层(共9层) ,暂无数据,板楼,2050,150769.0,东花市,18人关注,4个月以前发布
东堂子胡同 ,2室1厅,53.87,东 西 北,简装,高楼层(共6层) ,暂无数据,板楼,685,127158.0,建国门内,4人关注,6个月以前发布
春秀路 ,2室1厅,66.44,南 北,精装,中楼层(共9层) ,暂无数据,板楼,730,109874.0,东直门,12人关注,3个月以前发布
广渠家园 ,2室1厅,71.27,西,精装,低楼层(共29层) ,暂无数据,塔楼,600,84187.0,广渠门,25人关注,5个月以前发布
金鱼池东区 ,2室2厅,67.27,南 北,其他,地下室(共7层),2003年,板楼,366,54408.0,天坛,31人关注,一年前发布
六铺炕 ,2室1厅,51.95,西南,简装,底层(共16层) ,暂无数据,塔楼,650,125121.0,安定门,9人关注,9个月以前发布
车站路6号院 ,2室1厅,44.39,南 北,简装,地下室(共5层),1980年,板楼,220,49561.0,北京南站,7人关注,28天以前发布
车站路6号院 ,2室1厅,51.06,南,简装,中楼层(共5层) ,暂无数据,板楼,378,74031.0,北京南站,139人关注,一年前发布
东方银座 ,2室1厅,149.18,西,简装,中楼层(共26层),2003年,塔楼,1030,69045.0,东直门,16人关注,一年前发布
景泰西里西区 ,2室1厅,79.35,西,简装,11层 ,暂无数据,板塔结合,655,82546.0,永定门,19人关注,一年前发布
忠实里 ,2室1厅,66.21,东,其他,高楼层(共14层) ,暂无数据,板塔结合,599,90470.0,广渠门,37人关注,一年前发布
海运仓小区 ,2室1厅,72.85,东南,其他,高楼层(共23层) ,暂无数据,塔楼,860,118051.0,东直门,27人关注,4个月以前发布
朝阳门内大街75号院 ,3室2厅,137.16,南 北,精装,顶层(共6层) ,暂无数据,板楼,1580,115194.0,朝阳门内,21人关注,9个月以前发布
仓南胡同12号院 ,3室1厅,75.11,南 北,精装,中楼层(共6层) ,暂无数据,板楼,920,122488.0,朝阳门内,14人关注,一年前发布
东四十条 ,3室1厅,76.14,西北,简装,低楼层(共18层) ,暂无数据,塔楼,920,120831.0,东四,40人关注,一年前发布
东中街 ,2室1厅,76.06,南 北,简装,地下室(共6层) ,暂无数据,板楼,498,65475.0,东直门,19人关注,一年前发布
黄寺大街2号院 ,2室1厅,59.81,南 北,简装,顶层(共6层) ,暂无数据,板楼,580,96974.0,安定门,4人关注,4个月以前发布
海晟名苑南区 ,3室2厅,141.95,东 西,精装,高楼层(共18层) ,暂无数据,板塔结合,1700,119761.0,工体,21人关注,3个月以前发布
南门仓胡同 ,2室1厅,80.98,东 西,精装,低楼层(共6层) ,暂无数据,板楼,880,108669.0,朝阳门内,22人关注,8个月以前发布
六铺炕 ,3室1厅,68.8,东 西,其他,底层(共5层) ,暂无数据,板楼,740,107559.0,安定门,7人关注,2个月以前发布
沙子口路50号 ,3室2厅,116.33,东 北,其他,低楼层(共18层) ,暂无数据,塔楼,890,76507.0,永定门,4人关注,7个月以前发布
富莱茵花园 ,2室1厅,56.8,南 北,精装,地下室(共6层),2000年,板楼,299,52641.0,永定门,9人关注,5个月以前发布
沙子口路61号 ,2室1厅,58.36,西南 东北,简装,顶层(共6层) ,暂无数据,板楼,320,54833.0,永定门,18人关注,1个月以前发布
柏林寺西 ,2室1厅,55.38,南,精装,中楼层(共6层) ,暂无数据,板楼,645,116469.0,和平里,39人关注,11个月以前发布
东直门内大街 ,2室1厅,64.89,南 北,其他,低楼层(共12层) ,暂无数据,板楼,695,107105.0,东直门,12人关注,2个月以前发布
赵堂子胡同 ,2室1厅,57.77,南 北,精装,中楼层(共6层) ,暂无数据,板楼,580,100399.0,建国门内,35人关注,7个月以前发布
民安小区东直门内北小街 ,2室1厅,75.16,南 北,简装,低楼层(共14层) ,暂无数据,板楼,850,113093.0,东直门,6人关注,3个月以前发布
赵堂子胡同 ,2室1厅,81.7,东 西,简装,中楼层(共12层) ,暂无数据,板塔结合,950,116280.0,建国门内,7人关注,5个月以前发布
