area,orientation,decoration,floor,building_type,price,price_per_m,position,followers,publish_time,rooms
151.24,南 北,精装,22层,板塔结合,760.0,50252.0,临河里,7,365,5
103.31,南 北,精装,中楼层(共5层),板楼,1060.0,102604.0,通州其它,13,270,6
160.54,南 北,简装,低楼层(共24层),板楼,799.0,49770.0,武夷花园,10,120,5
192.66,南 北,精装,低楼层(共8层),板楼,1080.0,56058.0,九棵树(家乐福),25,365,4
154.98,南 北,精装,中楼层(共27层),板楼,760.0,49039.0,玉桥,3,60,5
162.64,南 北,精装,中楼层(共9层) ,板楼,1100.0,67635.0,九棵树(家乐福),6,330,5
151.95,南,精装,低楼层(共28层) ,板塔结合,1100.0,72393.0,武夷花园,9,90,4
151.97,南 北,精装,高楼层(共27层) ,板塔结合,799.0,52577.0,临河里,8,210,5
162.53,南 北,精装,顶层(共18层),板楼,1080.0,66450.0,万达,9,120,5
161.9,南 北 西,简装,35层,板塔结合,760.0,46943.0,武夷花园,16,90,5
92.1,南 北,精装,底层(共27层) ,板楼,760.0,82520.0,九棵树(家乐福),5,210,5
167.74,西北,其他,中楼层(共42层),塔楼,800.0,47693.0,北关,17,365,4
164.7,南 北,精装,低楼层(共31层),板楼,798.0,48452.0,九棵树(家乐福),11,60,5
104.36,南 北,毛坯,底层(共27层),板楼,780.0,74742.0,九棵树(家乐福),6,210,4
181.22,南 北,简装,底层(共6层) ,板楼,800.0,44146.0,武夷花园,8,60,4
153.45,南 北,精装,顶层(共13层),板楼,770.0,50180.0,九棵树(家乐福),8,27,5
151.95,南,精装,高楼层(共28层) ,板塔结合,1090.0,71735.0,武夷花园,18,150,5
151.53,南 北,精装,低楼层(共21层),板楼,759.0,50090.0,临河里,0,30,5
195.71,北,其他,高楼层(共42层),塔楼,1090.0,55695.0,北关,9,300,4
160.18,南 北,简装,底层(共5层) ,板楼,760.0,47447.0,马驹桥,6,270,5
164.18,南 北,其他,顶层(共11层),板楼,800.0,48728.0,武夷花园,3,12,6
163.59,南 北,精装,低楼层(共9层) ,板楼,758.0,46336.0,临河里,1,5,5
165.12,南 北,其他,低楼层(共31层) ,板楼,778.0,47118.0,九棵树(家乐福),4,30,5
161.46,南 北,精装,高楼层(共18层) ,板塔结合,768.0,47566.0,通州北苑,35,210,5
159.75,南 北,精装,中楼层(共8层),板楼,1080.0,67606.0,九棵树(家乐福),8,60,5
193.54,南 西 北,精装,中楼层(共6层),板楼,769.0,39734.0,果园,22,365,5
173.36,西南 北,简装,低楼层(共6层) ,板楼,760.0,43840.0,临河里,8,21,4
174.9,南 北,精装,底层(共5层) ,板楼,800.0,45741.0,果园,8,120,5
180.12,南 北,精装,26层,板楼,1100.0,61071.0,玉桥,1,24,5
154.98,南 北,其他,中楼层(共27层),板楼,770.0,49684.0,玉桥,0,6,5
151.28,南 北,精装,中楼层(共32层),板楼,779.0,51494.0,武夷花园,16,30,5
106.5,南 北,简装,高楼层(共6层),板楼,279.0,26198.0,九棵树(家乐福),5,10,3
105.61,南 北,精装,高楼层(共21层),板塔结合,365.0,34562.0,北关,17,30,4
95.03,南,精装,高楼层(共10层),板塔结合,365.0,38409.0,潞苑,14,240,3
93.64,南 北,简装,低楼层(共10层),板楼,369.0,39407.0,通州北苑,14,90,4
95.98,南 北,简装,中楼层(共28层) ,板塔结合,319.0,33237.0,潞苑,4,17,3
105.7,南 北,精装,低楼层(共21层),板楼,345.0,32640.0,北关,29,90,5
105.45,南 北,简装,底层(共6层) ,板楼,286.0,27122.0,潞苑,23,180,4
90.03,东 西,简装,高楼层(共22层),板塔结合,249.0,27658.0,九棵树(家乐福),10,90,3
90.38,南 北,简装,底层(共11层) ,板楼,315.0,34853.0,临河里,14,30,3
92.27,南 北,其他,中楼层(共6层) ,板楼,260.0,28179.0,万达,3,60,3
90.9,南 北,简装,底层(共6层) ,板楼,325.0,35754.0,万达,6,4,4
102.02,南 北,精装,高楼层(共6层) ,板楼,359.0,35190.0,北关,12,90,3
90.46,南 北,精装,中楼层(共6层) ,板楼,289.0,31948.0,梨园,6,30,4
95.54,南 北,精装,中楼层(共6层) ,板楼,310.0,32448.0,通州北苑,12,30,4
102.93,南,简装,中楼层(共11层),板塔结合,408.0,39639.0,乔庄,10,90,4
104.0,南 北,简装,底层(共6层) ,板楼,120.0,11539.0,通州其它,17,30,5
93.27,东 南 北,简装,18层,板楼,425.0,45567.0,武夷花园,41,150,3
97.77,南 北,精装,底层(共6层) ,板楼,399.0,40811.0,梨园,32,210,5
102.03,南 北,精装,中楼层(共7层) ,板楼,416.0,40773.0,武夷花园,52,180,3
104.72,南 北,精装,高楼层(共18层) ,板楼,367.0,35046.0,北关,3,14,5
93.63,南 北,简装,低楼层(共9层) ,板楼,325.0,34712.0,九棵树(家乐福),9,60,3
101.05,南 北,简装,高楼层(共13层) ,板楼,455.0,45028.0,武夷花园,5,30,3
97.23,西北,简装,中楼层(共28层),塔楼,319.0,32809.0,武夷花园,9,17,3
91.56,东北,简装,30层,板塔结合,369.0,40302.0,武夷花园,11,30,4
98.38,南 北,精装,中楼层(共8层) ,板楼,130.0,13215.0,通州其它,9,60,4
90.01,南 北,其他,高楼层(共21层) ,板楼,305.0,33886.0,通州其它,3,60,5
91.71,南 北,简装,高楼层(共17层) ,板楼,347.0,37837.0,梨园,16,30,4
90.65,西南,精装,低楼层(共27层) ,板塔结合,424.0,46774.0,临河里,18,60,3
92.91,南 北,简装,高楼层(共26层),板楼,288.0,30998.0,临河里,14,30,4
109.57,南,简装,顶层(共6层),板塔结合,309.0,28202.0,万达,6,13,5
152.27,南 北,简装,高楼层(共12层),板塔结合,525.0,34479.0,武夷花园,5,6,5
94.3,南 北,简装,中楼层(共6层) ,板楼,330.0,34995.0,武夷花园,0,5,3
107.43,南 北,精装,高楼层(共12层),板楼,406.0,37793.0,九棵树(家乐福),11,25,3
104.51,南 北,简装,高楼层(共26层),板楼,407.0,38944.0,通州北苑,6,30,4
106.4,南 北,简装,顶层(共13层),板楼,370.0,34775.0,梨园,16,120,3
98.9,南 北,简装,中楼层(共5层) ,板楼,318.0,32154.0,梨园,3,21,3
100.24,南 北,简装,中楼层(共24层) ,板塔结合,415.0,41401.0,临河里,5,9,4
90.32,南 北,精装,32层,板楼,370.0,40966.0,武夷花园,22,30,4
104.85,南 北,简装,高楼层(共6层) ,板楼,210.0,20029.0,潞苑,8,20,4
96.5,南 北 东,简装,中楼层(共28层) ,板楼,348.0,36063.0,梨园,3,30,4
100.58,西南,精装,高楼层(共20层),板楼,350.0,34799.0,马驹桥,2,60,4
94.07,南 北,精装,低楼层(共13层),板楼,330.0,35081.0,马驹桥,21,60,5
98.95,南 北,简装,顶层(共10层) ,板楼,345.0,34867.0,梨园,9,60,4
93.09,南,精装,中楼层(共26层),板塔结合,389.0,41788.0,临河里,28,60,4
99.39,南,简装,中楼层(共18层),板楼,489.0,49201.0,玉桥,10,60,4
90.56,南,精装,低楼层(共18层) ,板楼,399.0,44060.0,玉桥,11,30,3
93.89,南 北,简装,顶层(共6层) ,板楼,265.0,28225.0,玉桥,5,60,4
96.95,南,简装,中楼层(共12层) ,板楼,420.0,43322.0,武夷花园,10,30,3
93.16,南 北,精装,高楼层(共10层),板塔结合,345.0,37034.0,潞苑,2,30,3
98.22,南,简装,中楼层(共9层) ,板塔结合,349.0,35533.0,潞苑,5,25,4
98.96,南 北,精装,中楼层(共9层),板塔结合,329.0,33246.0,潞苑,6,18,3
100.59,西南,简装,中楼层(共6层),板楼,306.0,30421.0,通州北苑,14,90,3
94.97,南 北,简装,低楼层(共6层) ,板楼,366.0,38539.0,武夷花园,42,240,3
92.13,南 北,精装,低楼层(共18层),板楼,565.0,61327.0,万达,21,30,4
97.72,南 北,简装,低楼层(共18层),板楼,305.0,31212.0,果园,16,30,3
98.91,南 北,简装,顶层(共6层),板楼,259.0,26186.0,梨园,15,30,3
100.24,南 北,精装,中楼层(共6层),板楼,403.0,40204.0,北关,24,210,3
99.57,南,精装,高楼层(共27层) ,板塔结合,390.0,39169.0,武夷花园,3,6,4
101.04,南 北,精装,顶层(共10层) ,板楼,556.0,55028.0,九棵树(家乐福),12,120,4
94.26,南 北,精装,中楼层(共6层) ,板楼,259.0,27478.0,潞苑,5,6,4
106.92,南 北,精装,高楼层(共18层) ,板楼,330.0,30865.0,通州其它,3,4,3
92.27,南 北,精装,6层,板楼,325.0,35223.0,九棵树(家乐福),3,30,3
90.03,南 北,简装,中楼层(共6层) ,板楼,289.0,32101.0,九棵树(家乐福),10,19,4
100.27,南 北,精装,中楼层(共6层),板楼,319.0,31815.0,九棵树(家乐福),62,270,4
97.54,南 北,简装,高楼层(共6层),板楼,338.0,34653.0,果园,10,210,4
174.63,南 北,简装,高楼层(共7层) ,板楼,520.0,29778.0,乔庄,26,90,5
99.97,东南,精装,高楼层(共29层),板塔结合,408.0,40813.0,通州北苑,24,90,4
104.97,南 北,简装,底层(共6层),板楼,386.0,36773.0,武夷花园,24,150,3
93.11,南,精装,低楼层(共28层),板塔结合,365.0,39201.0,临河里,22,24,4
102.99,南 北,精装,顶层(共6层) ,板楼,339.0,32916.0,九棵树(家乐福),7,11,5
96.25,南,精装,14层,板楼,235.0,24416.0,马驹桥,9,60,3
98.04,东南,精装,15层 ,塔楼,225.0,22950.0,马驹桥,3,30,3
95.35,南 北,精装,顶层(共11层) ,板楼,119.0,12481.0,通州其它,13,60,4
93.35,南 西北,精装,中楼层(共25层),塔楼,268.0,28710.0,北关,53,60,3
96.27,南,精装,高楼层(共10层) ,板塔结合,365.0,37915.0,潞苑,14,90,3
91.04,南 北,精装,中楼层(共14层),板楼,338.0,37127.0,临河里,23,90,3
100.65,西南,简装,高楼层(共28层) ,板塔结合,409.0,40636.0,通州北苑,23,60,4
103.78,南 北,简装,低楼层(共6层),板楼,369.0,35556.0,北关,32,150,4
102.78,南 北,简装,低楼层(共31层),板楼,375.0,36486.0,通州北苑,27,60,4
97.84,东南,精装,高楼层(共24层),塔楼,450.0,45994.0,万达,30,365,4
107.02,南 北,简装,中楼层(共27层),塔楼,395.0,36909.0,九棵树(家乐福),24,240,4
105.63,南 北,精装,高楼层(共21层),板楼,373.0,35312.0,北关,11,60,5
104.42,南 北 东,简装,高楼层(共6层),板楼,399.0,38212.0,武夷花园,14,150,4
108.38,东 南 北,精装,高楼层(共21层),板楼,350.0,32294.0,潞苑,15,90,4
92.37,南,精装,35层,板塔结合,430.0,46552.0,武夷花园,17,30,3
99.75,南 北,简装,低楼层(共10层) ,板楼,359.0,35990.0,梨园,21,90,3
91.32,东 西,精装,14层,板楼,211.0,23106.0,马驹桥,3,15,3
92.76,南 北,简装,顶层(共6层) ,板楼,229.0,24688.0,万达,6,365,4
90.57,南 北,简装,高楼层(共21层),板塔结合,317.0,35001.0,潞苑,5,12,4
91.74,南 北,简装,中楼层(共10层) ,板楼,419.0,45673.0,通州北苑,21,120,4
105.82,南 北,精装,中楼层(共13层) ,板楼,355.0,33548.0,北关,16,30,4
93.54,南 北,简装,中楼层(共10层) ,板楼,379.0,40518.0,通州北苑,19,23,4
157.61,南 北,毛坯,3层,板楼,288.0,18273.0,通州其它,48,180,4
105.28,南 北,精装,中楼层(共6层) ,板楼,251.0,23842.0,潞苑,17,30,4
90.65,西北,简装,高楼层(共22层),板塔结合,255.0,28131.0,九棵树(家乐福),10,30,4
90.7,南 北,毛坯,低楼层(共6层) ,板楼,285.0,31423.0,万达,6,9,3
91.4,南 北,精装,高楼层(共18层),板楼,546.0,59738.0,万达,27,90,4
98.86,南 北,简装,中楼层(共6层) ,板楼,345.0,34898.0,临河里,8,30,4
92.25,东 西 北,精装,低楼层(共6层),板楼,269.0,29160.0,万达,3,7,4
104.89,南 北,简装,中楼层(共6层) ,板楼,270.0,25742.0,潞苑,23,120,3
96.35,南 北,其他,中楼层(共15层),板楼,348.0,36119.0,梨园,4,90,3
91.66,东 西,精装,中楼层(共6层) ,板楼,269.0,29348.0,北关,15,30,3
104.52,南 北,简装,中楼层(共6层) ,板楼,375.0,35879.0,北关,39,90,4
91.95,南 北,精装,中楼层(共21层) ,板楼,320.0,34802.0,潞苑,11,30,4
153.34,南 北,精装,中楼层(共5层) ,板楼,459.0,29934.0,马驹桥,2,8,5
103.5,南 北,简装,低楼层(共7层) ,板楼,299.0,28889.0,北关,12,30,4
92.74,南 北,简装,顶层(共6层) ,板楼,222.0,23938.0,北关,13,25,3
100.58,西南,精装,低楼层(共16层),板楼,468.0,46531.0,临河里,3,15,4
90.61,南 北,精装,低楼层(共16层) ,板楼,539.0,59486.0,九棵树(家乐福),29,150,5
93.29,南 北,精装,顶层(共11层),板楼,340.0,36446.0,马驹桥,28,150,5
90.49,南 北,简装,中楼层(共7层),板楼,315.0,34811.0,果园,83,120,3
97.29,南 北,简装,低楼层(共6层) ,板楼,326.0,33509.0,乔庄,4,120,4
92.13,南 北,精装,低楼层(共20层),板楼,378.0,41029.0,临河里,15,60,3
94.6,南,简装,10层,板塔结合,550.0,58140.0,武夷花园,11,19,4
95.22,南 北,简装,高楼层(共6层),板楼,359.0,37703.0,九棵树(家乐福),18,365,3
96.36,南 北,精装,高楼层(共6层) ,板楼,300.0,31134.0,果园,11,90,4
91.4,南,精装,27层,板楼,538.0,58863.0,九棵树(家乐福),1,210,3
186.42,南 北,精装,中楼层(共26层),板楼,680.0,36477.0,万达,15,30,4
90.58,南,其他,低楼层(共27层),板塔结合,385.0,42504.0,临河里,25,120,3
92.35,南 北,简装,高楼层(共6层),板楼,256.0,27721.0,北关,8,90,4
109.19,南 北,简装,中楼层(共14层),板楼,418.0,38282.0,梨园,25,240,4
101.99,南,简装,底层(共10层),板塔结合,470.0,46083.0,武夷花园,35,60,4
102.03,南 北,精装,高楼层(共12层),板塔结合,398.0,39009.0,武夷花园,56,150,4
90.57,南 北,毛坯,顶层(共17层) ,板楼,269.0,29701.0,北关,22,60,4
104.85,南 北,精装,中楼层(共6层) ,板楼,259.0,24702.0,潞苑,12,8,4
104.78,南 北,简装,顶层(共6层),板楼,285.0,27200.0,武夷花园,22,90,4
101.22,南 北,简装,中楼层(共5层) ,板楼,479.0,47323.0,武夷花园,20,60,4
95.68,南 北,精装,高楼层(共9层) ,板塔结合,329.0,34386.0,潞苑,8,30,4
92.37,南,简装,35层,板塔结合,450.0,48718.0,武夷花园,2,5,3
152.82,南 北,精装,中楼层(共7层),板楼,639.0,41814.0,武夷花园,13,90,5
90.02,南 北,简装,低楼层(共14层),板塔结合,380.0,42213.0,梨园,6,7,3
90.97,南,简装,32层,板楼,375.0,41223.0,武夷花园,43,30,3
162.61,南,简装,顶层(共11层),板楼,579.0,35607.0,武夷花园,34,90,5
97.09,南 北,精装,中楼层(共7层) ,板楼,268.0,27604.0,通州其它,18,26,4
96.3,南 北,精装,低楼层(共28层),板塔结合,336.0,34891.0,临河里,58,120,3
90.15,西南,精装,中楼层(共24层) ,板塔结合,539.0,59790.0,万达,55,90,3
97.42,南,精装,高楼层(共9层),板楼,375.0,38494.0,果园,11,6,3
102.67,南 北,简装,顶层(共18层),板塔结合,359.0,34967.0,果园,33,60,4
101.36,南,精装,20层,板楼,380.0,37491.0,北关,2,11,3
98.32,南 北,简装,底层(共14层),板楼,330.0,33564.0,临河里,17,300,3
104.97,南 北,精装,底层(共6层),板楼,398.0,37916.0,武夷花园,11,150,5
168.2,南 北,精装,高楼层(共6层),板楼,630.0,37456.0,通州其它,17,365,4
106.34,南 北,其他,中楼层(共5层) ,板楼,390.0,36675.0,果园,0,30,4
98.54,东 西 北,精装,低楼层(共9层),板楼,421.0,42724.0,马驹桥,4,150,3
106.24,南 北,其他,高楼层(共6层),板楼,380.0,35769.0,九棵树(家乐福),4,120,5
91.28,南 北,精装,低楼层(共18层),板楼,449.0,49190.0,玉桥,8,150,3
92.75,南 北,简装,7层 ,板楼,368.0,39677.0,玉桥,17,365,4
92.31,南 北,其他,低楼层(共6层),板楼,265.0,28708.0,马驹桥,8,120,4
100.76,东 南 北,其他,顶层(共6层),板楼,350.0,34737.0,九棵树(家乐福),3,60,4
90.05,南 北,精装,高楼层(共11层) ,板楼,475.0,52749.0,通州其它,8,210,4
103.11,南 北,简装,高楼层(共6层),板楼,430.0,41704.0,果园,1,365,4
154.23,南 北,简装,高楼层(共7层),板楼,480.0,31123.0,潞苑,2,30,6
94.31,东 南 北,简装,底层(共6层) ,板楼,499.0,52911.0,武夷花园,35,365,4
90.18,南 北,简装,中楼层(共13层) ,板楼,309.0,34265.0,通州其它,4,270,4
159.02,南 北,简装,高楼层(共7层),板楼,465.0,29242.0,潞苑,19,270,6
90.79,南 北,精装,中楼层(共8层) ,板楼,306.0,33705.0,通州其它,5,270,4
90.21,南 北,简装,高楼层(共18层),板楼,199.0,22060.0,通州其它,1,150,4
91.28,南 北,精装,低楼层(共17层),板楼,490.0,53681.0,通州其它,7,300,4
98.96,南 北,精装,中楼层(共25层),板塔结合,435.0,43958.0,临河里,29,330,4
105.89,南 北,精装,底层(共6层) ,板楼,498.0,47030.0,九棵树(家乐福),21,270,4
95.0,南 北,简装,高楼层(共6层) ,板楼,399.0,42000.0,万达,3,365,4
90.97,南,精装,27层,板楼,585.0,64307.0,九棵树(家乐福),13,240,3
90.91,南 北,其他,顶层(共6层),板楼,239.0,26290.0,马驹桥,2,30,3
105.7,南 北,简装,高楼层(共6层),板楼,370.0,35005.0,九棵树(家乐福),4,120,4
104.56,南 北,精装,高楼层(共12层),板楼,460.0,43994.0,通州北苑,2,90,4
93.22,南 北,精装,高楼层(共6层) ,板楼,278.0,29822.0,马驹桥,5,150,4
96.36,南 北,精装,顶层(共6层) ,板楼,330.0,34247.0,果园,6,365,4
101.27,南 北,简装,中楼层(共7层),板楼,405.0,39993.0,果园,4,120,4
100.6,南 北,简装,中楼层(共6层),板楼,398.0,39563.0,九棵树(家乐福),29,365,4
100.08,南 北,简装,中楼层(共6层) ,板楼,409.0,40868.0,九棵树(家乐福),16,365,4
99.34,南 北,简装,高楼层(共6层) ,板楼,346.0,34830.0,乔庄,2,330,5
93.59,南 北,精装,低楼层(共12层) ,板楼,400.0,42740.0,潞苑,28,365,3
92.89,南 北,其他,6层,板楼,229.0,24653.0,马驹桥,13,365,4
163.01,南 北,其他,底层(共8层) ,板楼,550.0,33741.0,通州其它,22,365,5
99.49,东 南 北,简装,高楼层(共18层) ,塔楼,316.0,31762.0,梨园,14,150,4
103.71,南 北,精装,中楼层(共7层),板楼,360.0,34713.0,潞苑,4,60,4
150.69,南 北,简装,顶层(共6层) ,板楼,400.0,26545.0,潞苑,15,180,4
154.74,南 北,精装,高楼层(共27层),板楼,730.0,47176.0,玉桥,10,270,5
97.27,东 西南,其他,低楼层(共18层) ,板塔结合,358.0,36805.0,梨园,10,150,4
92.13,南 北,精装,低楼层(共18层),板楼,569.0,61761.0,万达,28,210,4
99.14,南 北,简装,高楼层(共18层),板楼,303.0,30563.0,果园,17,90,4
93.53,南 北,精装,低楼层(共11层),板楼,415.0,44371.0,马驹桥,12,240,5
93.9,南 北,精装,顶层(共10层),板塔结合,339.0,36103.0,潞苑,13,240,3
98.51,南 北,简装,顶层(共6层),板楼,268.0,27206.0,潞苑,1,60,3
97.16,南,其他,中楼层(共10层) ,板塔结合,420.0,43228.0,潞苑,9,90,4
192.87,南 北,其他,高楼层(共6层),板楼,530.0,27480.0,果园,1,60,5
92.67,南 北,其他,顶层(共6层),板楼,360.0,38848.0,武夷花园,4,25,4
91.22,西南 北,简装,28层,板塔结合,300.0,32888.0,临河里,6,150,4
176.35,南 北,简装,高楼层(共7层) ,板楼,650.0,36859.0,武夷花园,5,30,5
96.24,南 北,精装,中楼层(共5层),板楼,325.0,33770.0,梨园,20,270,3
100.91,南 北,精装,顶层(共6层) ,板楼,366.0,36270.0,武夷花园,7,60,4
98.22,西南,精装,中楼层(共18层),板塔结合,400.0,40725.0,梨园,5,240,4
91.24,南 北,简装,低楼层(共6层),板楼,340.0,37265.0,九棵树(家乐福),8,365,3
99.46,南 北,精装,顶层(共6层) ,板楼,312.0,31370.0,梨园,8,60,4
194.11,南 北,精装,低楼层(共7层),板塔结合,950.0,48942.0,武夷花园,6,210,4
90.38,南,精装,低楼层(共15层),板塔结合,416.0,46028.0,临河里,5,90,4
97.29,南 北,简装,顶层(共6层),板楼,308.0,31658.0,武夷花园,12,30,3
105.9,南 北,其他,高楼层(共6层) ,板楼,373.0,35222.0,九棵树(家乐福),21,365,4
151.95,南,精装,低楼层(共28层) ,板塔结合,1130.0,74367.0,武夷花园,5,180,4
97.76,南 北,简装,中楼层(共4层) ,板楼,155.0,15856.0,通州其它,45,365,3
91.88,南 北,其他,6层,板楼,226.0,24598.0,马驹桥,9,365,3
96.69,南 北,简装,高楼层(共7层),板楼,345.0,35682.0,果园,2,60,3
166.52,南 北,精装,高楼层(共31层) ,板楼,865.0,51946.0,九棵树(家乐福),22,365,5
179.22,南 北,其他,高楼层(共6层),板楼,730.0,40733.0,通州其它,11,210,4
103.24,南 北,简装,中楼层(共6层),板楼,209.0,20245.0,通州其它,3,30,3
92.78,南 北,其他,低楼层(共8层) ,板楼,315.0,33952.0,通州其它,4,270,4
93.09,南 北,简装,6层 ,板楼,295.0,31690.0,果园,7,120,4
92.19,南 北,精装,高楼层(共9层),板楼,385.0,41762.0,九棵树(家乐福),4,90,3
91.64,南 北,简装,中楼层(共9层) ,板楼,378.0,41249.0,九棵树(家乐福),17,270,3
91.07,南 北,简装,中楼层(共14层),板楼,367.0,40299.0,临河里,8,240,3
99.34,南 北,精装,中楼层(共6层) ,板楼,355.0,35736.0,乔庄,8,180,5
108.64,南 北,简装,中楼层(共6层) ,板楼,368.0,33874.0,玉桥,4,150,4
101.04,南 北,其他,顶层(共6层),板楼,300.0,29692.0,梨园,2,120,3
90.58,南 北,精装,高楼层(共6层),板楼,280.0,30912.0,梨园,3,240,3
94.57,南 北,精装,高楼层(共11层),板楼,383.0,40500.0,九棵树(家乐福),2,30,3
95.21,南 北,简装,高楼层(共6层),板楼,308.0,32350.0,九棵树(家乐福),2,90,4
95.99,东 西南,精装,高楼层(共21层),板塔结合,348.0,36254.0,梨园,19,240,3
90.19,南 北,精装,高楼层(共6层) ,板楼,185.0,20513.0,通州其它,2,270,3
97.23,西北,精装,高楼层(共28层),塔楼,435.0,44740.0,武夷花园,0,30,3
94.37,南 北,其他,顶层(共6层) ,板楼,248.0,26280.0,北关,2,270,3
92.67,东 北,精装,低楼层(共9层) ,板塔结合,375.0,40467.0,潞苑,7,365,3
90.32,南,精装,高楼层(共6层) ,板楼,353.0,39084.0,武夷花园,13,210,3
107.56,南 北,其他,顶层(共21层),板楼,345.0,32076.0,潞苑,4,90,4
151.95,南,精装,高楼层(共28层) ,板塔结合,1190.0,78316.0,武夷花园,10,240,5
168.51,南 北,其他,高楼层(共6层),板楼,615.0,36497.0,通州其它,7,180,4
103.38,南 北,精装,中楼层(共8层),板楼,329.0,31825.0,通州其它,19,330,5
103.11,南,精装,高楼层(共11层),板塔结合,460.0,44613.0,乔庄,16,365,3
165.76,南 北,其他,高楼层(共6层),板楼,540.0,32578.0,果园,14,270,5
101.04,南 北,简装,高楼层(共6层),板楼,320.0,31671.0,梨园,4,270,4
91.03,南 北,精装,低楼层(共10层) ,板楼,558.0,61299.0,通州其它,9,150,5
90.14,南 北,简装,顶层(共6层) ,板楼,289.0,32062.0,潞苑,2,365,3
107.25,南 北,简装,顶层(共6层),板楼,465.0,43357.0,武夷花园,5,365,4
93.41,东 西,简装,底层(共9层),板塔结合,336.0,35971.0,潞苑,0,90,3
93.66,南 北,精装,顶层(共11层),板楼,398.0,42495.0,马驹桥,3,30,4
168.51,南 北,精装,高楼层(共6层),板楼,695.0,41244.0,通州其它,6,120,4
95.6,南 北,精装,顶层(共6层) ,板楼,168.0,17574.0,通州其它,4,180,3
90.18,南 北,简装,高楼层(共6层),板楼,295.0,32713.0,梨园,9,210,4
92.49,南 北,精装,中楼层(共6层),板楼,189.0,20435.0,通州其它,3,330,3
156.81,南 西 北,精装,中楼层(共5层) ,板楼,570.0,36350.0,马驹桥,4,150,4
97.76,南 北,精装,顶层(共4层) ,板楼,210.0,21482.0,通州其它,5,270,4
96.12,南 北,精装,顶层(共9层),板塔结合,370.0,38494.0,潞苑,28,365,3
94.43,南,其他,低楼层(共15层) ,板楼,389.0,41195.0,梨园,24,270,4
109.78,南,精装,中楼层(共31层),板楼,620.0,56477.0,九棵树(家乐福),36,365,3
105.33,南 北,简装,低楼层(共12层),板塔结合,440.0,41774.0,九棵树(家乐福),6,90,4
90.88,东 南 北,简装,低楼层(共27层),板塔结合,538.0,59199.0,万达,11,120,3
102.83,北 南,精装,底层(共7层) ,板楼,498.0,48430.0,果园,18,365,4
91.27,南 北,精装,低楼层(共23层) ,板楼,565.0,61905.0,九棵树(家乐福),5,90,3
97.05,南 北,简装,中楼层(共12层),板楼,419.0,43174.0,临河里,3,120,3
103.89,南 北,精装,高楼层(共6层),板楼,450.0,43316.0,武夷花园,11,120,5
157.34,南 北,精装,低楼层(共32层),板楼,830.0,52753.0,武夷花园,32,365,5
160.54,南 西 北,精装,中楼层(共24层),板楼,990.0,61667.0,武夷花园,25,210,4
102.18,南 北,其他,高楼层(共8层) ,板楼,350.0,34254.0,通州其它,1,90,4
94.55,南 北,简装,顶层(共12层),板楼,375.0,39662.0,潞苑,33,365,3
95.48,南 北,简装,中楼层(共10层),板塔结合,350.0,36657.0,潞苑,5,30,3
99.3,南 北,精装,中楼层(共5层),板楼,315.0,31723.0,九棵树(家乐福),10,210,4
103.43,南 北,精装,中楼层(共6层) ,板楼,380.0,36740.0,九棵树(家乐福),8,150,4
155.71,南 北,简装,底层(共26层),板塔结合,750.0,48167.0,武夷花园,18,365,4
97.66,南 北,简装,中楼层(共6层) ,板楼,276.0,28262.0,九棵树(家乐福),7,90,4
91.49,南 北,其他,中楼层(共14层),板楼,280.0,30605.0,马驹桥,6,330,3
97.52,南,精装,顶层(共14层),板楼,240.0,24611.0,马驹桥,4,90,3
90.87,北 南,精装,低楼层(共14层),板楼,249.0,27402.0,马驹桥,0,30,3
97.48,南,简装,顶层(共14层),板楼,288.0,29545.0,马驹桥,1,60,4
180.45,南 北,精装,26层,板楼,958.0,53090.0,玉桥,5,30,5
91.75,南 北,精装,低楼层(共20层),板楼,425.0,46322.0,临河里,29,365,3
109.24,南 北,精装,低楼层(共13层),板楼,228.0,20872.0,通州其它,2,30,4
94.27,南 北,其他,顶层(共6层),板楼,298.0,31612.0,通州北苑,2,30,4
96.25,南,精装,14层,板楼,239.0,24832.0,马驹桥,11,150,3
91.69,南 北,其他,高楼层(共6层) ,板楼,279.0,30429.0,潞苑,3,30,3
163.47,南 北,其他,底层(共12层) ,板楼,705.0,43128.0,临河里,2,60,6
91.85,南 北,精装,低楼层(共10层),板楼,468.0,50953.0,通州北苑,0,30,4
90.36,南 北,简装,中楼层(共12层),板楼,450.0,49801.0,武夷花园,1,90,3
155.0,南 北,精装,高楼层(共6层),板楼,490.0,31613.0,马驹桥,2,210,4
166.57,南 北,精装,高楼层(共6层) ,板楼,469.0,28157.0,潞苑,5,210,5
90.11,南 北,简装,低楼层(共22层),板楼,260.0,28854.0,临河里,21,240,3
171.21,南 北,精装,中楼层(共8层),板楼,1050.0,61329.0,九棵树(家乐福),16,330,4
90.32,南,简装,顶层(共6层),板楼,325.0,35984.0,武夷花园,4,120,3
107.78,东 南 北,其他,中楼层(共28层),板楼,340.0,31546.0,通州其它,6,365,4
99.96,南 北,其他,中楼层(共6层) ,板楼,435.0,43518.0,九棵树(家乐福),6,365,4
90.94,南 北,其他,中楼层(共6层),板楼,305.0,33539.0,九棵树(家乐福),8,240,3
151.65,南,简装,高楼层(共12层) ,板楼,530.0,34949.0,武夷花园,4,30,4
102.76,东 西,精装,顶层(共6层) ,板楼,265.0,25789.0,潞苑,10,30,3
92.8,南 北,毛坯,低楼层(共27层) ,板塔结合,128.0,13794.0,通州其它,4,240,5
90.58,南 北,其他,高楼层(共6层),板楼,279.0,30802.0,梨园,1,30,3
109.22,南 北,简装,中楼层(共6层) ,板楼,405.0,37082.0,北关,5,31,4
92.32,南 北,精装,低楼层(共12层) ,板楼,499.0,54052.0,临河里,7,330,4
90.97,南,精装,27层,板楼,497.0,54634.0,九棵树(家乐福),22,270,3
96.79,东南,精装,高楼层(共29层),塔楼,329.0,33992.0,通州北苑,18,90,3
93.17,南 北,精装,14层 ,板楼,240.0,25760.0,马驹桥,9,150,3
94.42,北 南,简装,中楼层(共6层) ,板楼,302.0,31985.0,万达,1,60,3
152.48,南 北,精装,中楼层(共5层) ,板楼,570.0,37382.0,马驹桥,6,90,4
99.0,东 南 北,精装,顶层(共15层) ,板塔结合,509.0,51415.0,梨园,9,90,3
103.59,南 北,其他,低楼层(共9层) ,板楼,450.0,43441.0,马驹桥,3,180,3
96.73,南 北,简装,11层,板塔结合,336.0,34736.0,九棵树(家乐福),2,150,3
92.36,南 北,其他,11层 ,板楼,295.0,31941.0,九棵树(家乐福),19,210,3
96.73,南 北,其他,11层,板塔结合,329.0,34013.0,九棵树(家乐福),6,210,3
98.04,南 北,简装,中楼层(共6层) ,板楼,338.0,34476.0,九棵树(家乐福),1,270,3
154.89,南 北,其他,11层 ,板楼,500.0,32281.0,九棵树(家乐福),33,150,5
96.25,南,精装,14层,板楼,236.0,24520.0,马驹桥,18,90,3
100.89,南 北,简装,底层(共6层),板楼,270.0,26762.0,马驹桥,9,120,3
92.04,东 西,精装,高楼层(共27层),板塔结合,426.0,46285.0,临河里,9,120,3
176.07,南 北,精装,高楼层(共28层) ,板塔结合,1460.0,82922.0,武夷花园,12,180,5
96.39,南 北,其他,高楼层(共6层) ,板楼,328.0,34029.0,临河里,13,150,3
95.16,南 北,简装,顶层(共9层) ,板楼,450.0,47289.0,玉桥,3,120,5
90.19,南 西,精装,27层,板塔结合,518.0,57435.0,九棵树(家乐福),5,30,3
92.0,南,精装,27层,板楼,560.0,60870.0,九棵树(家乐福),2,60,3
162.01,东 南 北,其他,中楼层(共13层) ,板楼,650.0,40121.0,武夷花园,4,120,5
106.31,东,简装,高楼层(共24层),塔楼,336.0,31606.0,武夷花园,2,150,3
176.26,南 北,精装,高楼层(共26层),板塔结合,828.0,46977.0,临河里,6,30,5
96.93,南 北,精装,中楼层(共7层),板楼,358.0,36934.0,果园,11,90,3
103.58,南 北,精装,低楼层(共7层) ,板楼,415.0,40066.0,果园,13,210,3
107.97,南 北,其他,高楼层(共15层) ,板塔结合,556.0,51496.0,玉桥,8,60,4
90.69,南,精装,低楼层(共18层),板楼,409.0,45099.0,玉桥,27,180,3
96.39,南,精装,顶层(共18层),板楼,465.0,48242.0,玉桥,15,120,4
104.81,南 北,简装,高楼层(共7层) ,板楼,350.0,33394.0,果园,12,270,4
97.1,东南,精装,15层 ,塔楼,222.0,22864.0,马驹桥,15,90,3
93.54,东 西,精装,中楼层(共6层),板楼,386.0,41266.0,万达,3,60,3
107.0,南,简装,低楼层(共26层),板楼,350.0,32711.0,通州其它,15,270,4
95.51,南 北,精装,中楼层(共11层) ,板塔结合,389.0,40729.0,潞苑,21,365,3
167.99,南,简装,高楼层(共15层),板塔结合,649.0,38634.0,万达,27,300,5
93.69,南,简装,35层,板塔结合,440.0,46964.0,武夷花园,12,60,4
108.7,南 北,精装,顶层(共6层),板楼,340.0,31279.0,潞苑,3,240,4
100.28,南 北,简装,中楼层(共6层),板楼,360.0,35900.0,九棵树(家乐福),1,28,4
100.28,南 北,精装,中楼层(共6层),板楼,390.0,38892.0,九棵树(家乐福),10,300,4
182.21,南 北,其他,底层(共12层),板楼,726.0,39845.0,临河里,3,60,5
90.23,南 北,简装,中楼层(共16层) ,塔楼,375.0,41561.0,万达,5,180,4
90.35,南 北,精装,低楼层(共7层),板楼,420.0,46486.0,果园,7,180,3
180.12,南 北,精装,26层,板楼,1150.0,63847.0,玉桥,8,240,5
104.63,南 北,简装,低楼层(共6层) ,板楼,550.0,52567.0,玉桥,22,330,5
95.93,南 北,简装,高楼层(共6层),板楼,315.0,32837.0,潞苑,1,30,3
94.58,南 北,简装,低楼层(共10层),板塔结合,339.0,35843.0,潞苑,19,240,3
90.01,南 北,精装,低楼层(共11层),板楼,425.0,47217.0,通州其它,7,21,4
90.73,南 北,简装,顶层(共12层),板楼,380.0,41883.0,九棵树(家乐福),11,60,3
92.04,东 西,精装,高楼层(共27层) ,板塔结合,400.0,43460.0,临河里,36,300,4
96.4,南 北,其他,高楼层(共7层),板楼,445.0,46162.0,北关,6,30,3
106.44,东 西,其他,低楼层(共20层) ,板塔结合,340.0,31943.0,潞苑,4,60,5
156.1,南 北,其他,低楼层(共36层),板楼,820.0,52531.0,万达,1,30,4
95.68,南 北,简装,底层(共9层),板塔结合,378.0,39507.0,潞苑,0,60,3
100.86,南 北,简装,高楼层(共11层),板楼,196.0,19433.0,通州其它,2,150,4
91.99,南 北,简装,顶层(共6层),板楼,285.0,30982.0,北关,12,90,3
154.08,南 北,其他,高楼层(共6层),板楼,720.0,46729.0,武夷花园,11,150,5
103.74,南 北,简装,低楼层(共28层),板塔结合,408.0,39330.0,武夷花园,8,90,4
103.44,南 北,其他,高楼层(共18层),板楼,305.0,29486.0,果园,4,30,4
150.92,南 北,其他,底层(共8层) ,板楼,370.0,24517.0,通州其它,8,210,5
156.27,南 北,其他,中楼层(共21层),板楼,995.0,63672.0,万达,14,210,5
167.87,南 北,其他,高楼层(共13层) ,板楼,628.0,37410.0,武夷花园,1,90,4
106.74,南 北,其他,高楼层(共21层),板楼,428.0,40098.0,潞苑,17,240,5
98.75,南 北,简装,低楼层(共6层) ,板楼,275.0,27849.0,万达,2,150,5
95.03,南,精装,中楼层(共10层),板塔结合,380.0,39988.0,潞苑,5,120,3
92.74,西南,简装,35层,板塔结合,410.0,44210.0,武夷花园,28,120,3
90.32,西南,精装,中楼层(共27层) ,板塔结合,435.0,48163.0,临河里,5,30,4
93.26,南 北,其他,中楼层(共6层),板楼,260.0,27880.0,马驹桥,5,27,4
107.22,南 北,简装,高楼层(共6层),板塔结合,405.0,37773.0,武夷花园,5,60,4
99.17,南 北,精装,低楼层(共6层),板楼,480.0,48402.0,玉桥,5,30,4
108.93,西南,简装,中楼层(共6层),板楼,375.0,34426.0,潞苑,19,240,4
97.36,南 北,简装,6层,板楼,349.0,35847.0,万达,7,330,4
90.91,南 北,简装,中楼层(共6层),板楼,249.0,27390.0,马驹桥,17,120,3
99.3,南,精装,中楼层(共23层) ,板楼,450.0,45318.0,九棵树(家乐福),107,180,4
91.99,南,简装,高楼层(共27层),板塔结合,435.0,47288.0,临河里,5,90,3
151.69,南 北,精装,高楼层(共32层) ,板楼,809.0,53333.0,武夷花园,40,365,5
93.85,南 北,简装,低楼层(共10层) ,板塔结合,390.0,41556.0,潞苑,4,150,3
91.24,南 北,简装,32层,板楼,460.0,50417.0,武夷花园,3,60,3
150.63,南 北,精装,底层(共26层) ,板楼,820.0,54439.0,乔庄,7,90,5
102.04,南 北,简装,高楼层(共17层) ,板楼,498.0,48805.0,梨园,7,150,3
101.06,东南,精装,22层,板塔结合,475.0,47002.0,临河里,17,30,5
179.43,南 北 西,精装,高楼层(共26层),板塔结合,880.0,49045.0,临河里,9,180,5
94.38,南 北,精装,高楼层(共6层) ,板楼,406.0,43018.0,武夷花园,4,60,3
95.92,南 北,简装,中楼层(共15层) ,板楼,365.0,38053.0,梨园,4,90,4
108.28,南 北,其他,低楼层(共31层),板楼,430.0,39712.0,通州北苑,1,19,3
90.05,南 北,精装,中楼层(共11层) ,板楼,450.0,49973.0,通州其它,11,300,4
180.59,南 北,精装,26层,板楼,958.0,53049.0,玉桥,2,30,5
92.09,东北,简装,高楼层(共23层),塔楼,328.0,35618.0,万达,26,210,3
91.48,南,精装,低楼层(共9层),板塔结合,299.0,32685.0,九棵树(家乐福),42,365,3
95.58,南,其他,14层 ,板楼,260.0,27203.0,马驹桥,2,90,3
91.17,南 北,精装,中楼层(共17层) ,板楼,425.0,46617.0,通州其它,13,150,4
105.78,南 北,精装,底层(共9层) ,板楼,570.0,53886.0,通州北苑,21,90,4
90.23,南 北,精装,中楼层(共6层),板楼,320.0,35465.0,九棵树(家乐福),2,30,3
108.73,南 北,简装,低楼层(共13层) ,板楼,498.0,45802.0,武夷花园,6,150,3
97.63,东南,其他,低楼层(共18层),板楼,450.0,46093.0,玉桥,0,30,3
91.57,南 北,精装,高楼层(共11层) ,板楼,420.0,45867.0,临河里,3,180,3
103.36,南 北,精装,中楼层(共6层),板楼,360.0,34830.0,潞苑,1,24,4
95.38,南,精装,低楼层(共10层),板塔结合,391.0,40994.0,潞苑,6,270,3
90.8,南 东,简装,低楼层(共25层),板塔结合,398.0,43833.0,临河里,8,60,4
158.81,南 北,简装,高楼层(共13层) ,板楼,655.0,41245.0,武夷花园,23,365,5
103.19,南 北,精装,中楼层(共8层) ,板楼,338.0,32756.0,通州其它,17,120,4
92.26,西南,简装,低楼层(共23层),板塔结合,416.0,45090.0,临河里,13,90,3
92.25,西 东,简装,顶层(共6层) ,板楼,280.0,30353.0,万达,3,60,4
92.05,北 南,精装,顶层(共6层),板楼,310.0,33678.0,九棵树(家乐福),7,240,3
95.5,南 北,其他,低楼层(共15层) ,板楼,349.0,36545.0,梨园,3,31,4
90.01,南,其他,高楼层(共27层),塔楼,350.0,38885.0,九棵树(家乐福),0,30,3
91.31,西南,简装,低楼层(共27层),板塔结合,409.0,44793.0,临河里,3,120,4
94.64,西南 东北,其他,21层 ,板塔结合,400.0,42266.0,临河里,0,17,4
93.61,南 北,精装,中楼层(共6层) ,板楼,350.0,37390.0,临河里,1,30,4
90.8,东南,其他,低楼层(共27层),板塔结合,420.0,46256.0,临河里,1,31,4
108.42,南 北,其他,顶层(共6层),板楼,299.0,27578.0,马驹桥,4,150,5
102.93,南 北,简装,底层(共7层),板楼,419.0,40708.0,果园,10,150,3
107.75,南 西 北,精装,顶层(共28层) ,板塔结合,380.0,35267.0,通州其它,0,60,4
92.91,南 北,简装,高楼层(共6层) ,板楼,265.0,28523.0,九棵树(家乐福),9,150,3
95.45,南 西 北,精装,高楼层(共6层) ,板楼,349.0,36564.0,九棵树(家乐福),25,365,4
155.05,北 南,简装,中楼层(共15层),板塔结合,620.0,39988.0,通州北苑,15,60,5
90.65,西南,其他,中楼层(共27层),板塔结合,420.0,46333.0,临河里,4,60,4
94.07,南 北,精装,顶层(共13层),板楼,390.0,41459.0,马驹桥,5,300,4
102.61,南 北,简装,低楼层(共9层),板塔结合,480.0,46780.0,玉桥,3,180,3
100.83,南 北,简装,低楼层(共13层),板楼,430.0,42647.0,武夷花园,31,365,3
91.91,南 北,精装,28层,板楼,299.0,32532.0,临河里,8,90,4
92.13,南 西 北,简装,中楼层(共18层),板楼,588.0,63823.0,万达,26,180,3
102.27,南 北,精装,底层(共10层),板塔结合,515.0,50357.0,武夷花园,5,30,3
94.29,东南,精装,中楼层(共25层),板塔结合,438.0,46453.0,临河里,15,90,4
90.93,南 北,精装,高楼层(共27层) ,板塔结合,399.0,43880.0,临河里,3,30,3
190.62,东 南 北,简装,26层 ,板楼,950.0,49838.0,玉桥,5,150,5
94.03,南 北,其他,高楼层(共6层) ,板楼,285.0,30310.0,北关,4,300,4
91.53,南 北,精装,中楼层(共18层),板楼,575.0,62821.0,万达,34,180,3
91.87,南 北,精装,35层,板塔结合,460.0,50071.0,武夷花园,9,30,3
98.18,南 西 北,简装,高楼层(共6层),板楼,319.0,32492.0,万达,7,90,3
104.85,南 北,简装,中楼层(共6层) ,板楼,279.0,26610.0,潞苑,3,90,4
97.59,南 北,精装,顶层(共6层) ,板楼,320.0,32791.0,武夷花园,5,30,3
102.78,南 北,毛坯,低楼层(共31层),板楼,428.0,41643.0,通州北苑,4,90,4
91.1,南 北,简装,中楼层(共6层) ,板楼,309.0,33919.0,潞苑,1,30,3
101.81,东 西,精装,顶层(共6层),板楼,285.0,27994.0,梨园,7,150,4
170.27,南 北,精装,中楼层(共5层),板楼,545.0,32008.0,马驹桥,3,60,4
94.79,东 西,精装,21层,板塔结合,430.0,45364.0,临河里,5,90,4
102.46,南 北,简装,低楼层(共18层),板塔结合,405.0,39528.0,果园,4,28,4
102.37,南 北,精装,底层(共11层),板楼,360.0,35167.0,临河里,13,120,4
90.95,西南,精装,14层,板塔结合,520.0,57175.0,武夷花园,18,270,3
93.34,东 西,简装,高楼层(共6层),板楼,355.0,38033.0,万达,3,90,3
94.91,南 北,精装,14层 ,板楼,229.0,24129.0,马驹桥,1,60,3
94.85,南,精装,低楼层(共15层),板楼,380.0,40064.0,梨园,11,210,3
100.38,东南,简装,高楼层(共19层),塔楼,390.0,38853.0,梨园,4,90,4
104.85,南 北,简装,顶层(共6层) ,板楼,215.0,20506.0,潞苑,4,20,4
95.1,东 西,简装,中楼层(共10层),板楼,349.0,36699.0,潞苑,7,120,4
96.93,南 北,精装,低楼层(共13层),板塔结合,436.0,44981.0,梨园,3,120,3
160.19,南 北,其他,底层(共5层),板楼,660.0,41202.0,马驹桥,1,90,5
107.15,南 北,其他,高楼层(共6层) ,板楼,435.0,40598.0,马驹桥,1,270,3
91.88,南 北,精装,低楼层(共27层),板塔结合,535.0,58229.0,九棵树(家乐福),12,60,4
92.27,南 北,精装,顶层(共27层) ,板楼,485.0,52564.0,九棵树(家乐福),10,330,4
96.54,南,精装,15层,板楼,270.0,27968.0,马驹桥,5,60,3
97.88,南 北,其他,中楼层(共7层),板楼,350.0,35759.0,果园,15,120,3
92.74,南 北,简装,顶层(共6层),板楼,258.0,27820.0,北关,1,13,3
108.42,南 北,精装,低楼层(共6层),板楼,300.0,27671.0,马驹桥,5,60,5
106.35,南 北,简装,中楼层(共6层) ,板楼,298.0,28021.0,果园,41,270,4
108.13,南,精装,低楼层(共26层),板塔结合,560.0,51790.0,武夷花园,10,300,3
94.24,南 北,精装,高楼层(共11层) ,板楼,380.0,40323.0,九棵树(家乐福),33,365,3
93.3,东 南 北,精装,高楼层(共6层) ,板楼,349.0,37407.0,临河里,1,27,4
96.91,西南,其他,中楼层(共20层),塔楼,430.0,44372.0,梨园,0,26,4
92.27,南 北,其他,底层(共6层) ,板楼,306.0,33164.0,万达,0,90,4
91.09,南 北,简装,顶层(共6层) ,板楼,360.0,39522.0,万达,0,14,3
106.28,南 北,简装,中楼层(共6层),板楼,399.0,37543.0,九棵树(家乐福),27,240,3
105.01,南,简装,中楼层(共12层),板塔结合,468.0,44568.0,武夷花园,11,150,4
100.33,南 北,精装,中楼层(共5层),板楼,488.0,48640.0,武夷花园,38,210,4
105.94,南 北,精装,顶层(共22层),塔楼,429.0,40495.0,通州北苑,36,210,5
91.3,南 北,精装,高楼层(共10层) ,板楼,498.0,54546.0,临河里,29,240,4
95.56,东,精装,15层 ,板楼,225.0,23546.0,马驹桥,3,90,3
93.31,南 北,简装,地下室(共8层),板楼,207.0,22185.0,九棵树(家乐福),5,90,3
90.47,西,精装,高楼层(共22层),板塔结合,280.0,30950.0,九棵树(家乐福),11,330,3
91.69,南,精装,低楼层(共15层),板塔结合,297.0,32392.0,九棵树(家乐福),23,270,3
96.26,南 北,简装,高楼层(共6层),板楼,365.0,37919.0,万达,5,270,4
103.23,南 北,其他,中楼层(共8层),板楼,378.0,36618.0,通州其它,25,365,5
101.23,东,精装,中楼层(共15层),板塔结合,450.0,44454.0,梨园,0,210,3
90.91,南 北,其他,35层,板塔结合,515.0,56650.0,武夷花园,3,90,3
97.27,东 西南,精装,高楼层(共18层),板塔结合,415.0,42665.0,梨园,6,365,3
93.09,南 北,精装,底层(共6层) ,板楼,375.0,40284.0,武夷花园,27,240,4
184.91,南 北,精装,中楼层(共4层) ,板楼,615.0,33260.0,马驹桥,20,330,4
96.73,南 西 北,精装,11层,板塔结合,339.0,35047.0,九棵树(家乐福),8,210,3
92.41,东,精装,14层,板塔结合,228.0,24673.0,马驹桥,3,90,3
94.09,南 北,简装,14层,板楼,238.0,25295.0,马驹桥,8,120,3
95.84,南 北,精装,低楼层(共12层),板塔结合,490.0,51127.0,武夷花园,5,240,3
99.14,南 北,简装,高楼层(共18层),板楼,310.0,31269.0,果园,23,150,4
96.81,东南,精装,中楼层(共29层),塔楼,318.0,32848.0,通州北苑,31,30,3
98.46,南 北,简装,高楼层(共7层) ,板楼,430.0,43673.0,武夷花园,5,365,3
94.25,南 北,精装,低楼层(共12层),板楼,385.0,40849.0,马驹桥,1,60,4
105.94,南 北,简装,顶层(共6层) ,板楼,308.0,29074.0,玉桥,7,150,4
92.27,南 北,简装,11层 ,板楼,320.0,34681.0,果园,10,120,3
94.25,南 北,精装,中楼层(共12层),板楼,420.0,44563.0,马驹桥,1,90,4
95.92,南 北,简装,高楼层(共15层) ,板楼,368.0,38366.0,梨园,0,120,3
96.38,南,简装,顶层(共18层),板楼,449.0,46587.0,玉桥,9,29,4
177.2,南 北,精装,26层,板楼,1050.0,59256.0,玉桥,8,300,5
96.39,南 北,简装,底层(共7层),板楼,388.0,40254.0,果园,3,30,4
94.33,南 北,精装,底层(共10层),板塔结合,373.0,39543.0,潞苑,13,365,3
98.96,南 北,精装,高楼层(共25层),板塔结合,436.0,44059.0,临河里,22,210,5
108.66,南 北,精装,中楼层(共12层),板楼,456.0,41966.0,武夷花园,17,240,4
153.03,南 北,简装,顶层(共5层) ,板楼,355.0,23199.0,通州北苑,3,30,5
102.78,南 北,其他,低楼层(共31层),板楼,395.0,38432.0,通州北苑,3,29,4
92.66,东 西,其他,中楼层(共12层),板楼,298.0,32161.0,马驹桥,0,270,3
94.09,南 北,其他,低楼层(共7层),板楼,429.0,45595.0,果园,0,30,3
95.1,东 西,精装,底层(共28层),板塔结合,335.0,35227.0,梨园,15,90,3
90.09,南 北,精装,地下室(共6层),板楼,175.0,19426.0,北关,4,90,4
91.4,东 西,简装,高楼层(共28层),板塔结合,330.0,36106.0,梨园,23,150,3
109.12,南 北,精装,中楼层(共5层) ,板楼,320.0,29326.0,马驹桥,1,90,4
102.39,南 北,精装,高楼层(共15层),板楼,630.0,61530.0,通州其它,16,60,4
91.34,东 南 北,简装,中楼层(共6层) ,板楼,299.0,32735.0,果园,8,180,3
104.71,南 北,其他,低楼层(共18层),板楼,450.0,42976.0,通州北苑,1,60,4
94.01,东 西,简装,中楼层(共6层) ,板楼,369.0,39252.0,万达,4,90,4
93.52,南 北,精装,中楼层(共10层) ,板塔结合,410.0,43841.0,潞苑,7,365,3
94.22,南 北,简装,中楼层(共11层),板楼,392.0,41605.0,果园,8,60,3
101.55,南 北,其他,地下室(共12层),板楼,183.0,18021.0,通州北苑,9,30,4
101.38,南 北,简装,高楼层(共6层) ,板楼,325.0,32058.0,通州北苑,2,150,4
90.58,南 北,其他,中楼层(共6层) ,板楼,270.0,29808.0,马驹桥,2,150,3
92.55,南 北,精装,低楼层(共27层) ,板塔结合,550.0,59428.0,九棵树(家乐福),17,365,4
92.25,南 北,精装,顶层(共27层),板楼,750.0,81301.0,九棵树(家乐福),15,270,5
98.47,南 北,简装,高楼层(共6层) ,板楼,310.0,31482.0,通州北苑,14,90,3
153.97,北 南,简装,顶层(共6层) ,板楼,500.0,32474.0,通州北苑,8,300,4
153.97,南 北,精装,顶层(共6层) ,板楼,590.0,38320.0,通州北苑,9,270,5
93.23,南 北,精装,中楼层(共6层) ,板楼,358.0,38400.0,通州北苑,10,90,4
99.12,南 北,精装,中楼层(共6层) ,板楼,410.0,41365.0,通州北苑,9,300,3
102.44,南 北,精装,顶层(共6层),板楼,455.0,44417.0,通州北苑,31,240,5
98.9,南 北,其他,高楼层(共6层) ,板楼,341.0,34480.0,通州北苑,4,90,3
92.44,南 北,精装,中楼层(共27层),板楼,565.0,61121.0,九棵树(家乐福),8,150,5
98.88,南 北,精装,中楼层(共6层) ,板楼,400.0,40454.0,通州北苑,17,180,4
160.55,南 北,精装,中楼层(共5层) ,板楼,590.0,36749.0,马驹桥,2,30,4
90.58,南 北,简装,顶层(共6层),板楼,278.0,30692.0,马驹桥,1,150,3
91.63,南 北,精装,顶层(共6层),板楼,300.0,32741.0,梨园,4,240,3
92.29,南 北,简装,中楼层(共6层) ,板楼,299.0,32398.0,梨园,12,90,3
100.56,南 北,简装,顶层(共6层) ,板楼,340.0,33811.0,通州北苑,11,365,4
109.12,南 北,精装,中楼层(共5层),板楼,340.0,31159.0,马驹桥,0,120,3
92.24,南,精装,27层,板楼,539.0,58435.0,九棵树(家乐福),9,365,4
195.71,北,精装,高楼层(共42层),塔楼,830.0,42410.0,北关,22,270,5
90.81,南 北,精装,低楼层(共14层),板楼,310.0,34138.0,马驹桥,15,365,3
104.32,南 北,简装,底层(共28层),板楼,291.0,27895.0,通州其它,16,120,4
191.95,南 北,简装,中楼层(共6层) ,板楼,819.0,42668.0,武夷花园,1,24,6
104.87,南 北,简装,中楼层(共6层),板楼,358.0,34138.0,乔庄,4,150,4
104.6,南 北,简装,中楼层(共6层) ,板楼,405.0,38719.0,北关,4,60,4
98.38,南 北,毛坯,中楼层(共8层) ,板楼,196.0,19923.0,通州其它,3,60,5
90.22,南 北,其他,高楼层(共28层),板楼,350.0,38795.0,通州其它,0,60,3
98.38,南 北,精装,低楼层(共8层) ,板楼,150.0,15248.0,通州其它,6,180,4
177.33,南 北,精装,底层(共18层),板楼,700.0,39475.0,通州北苑,0,20,5
98.57,南 北,精装,中楼层(共11层),板塔结合,520.0,52755.0,九棵树(家乐福),21,365,4
178.9,南 北,精装,高楼层(共7层),板楼,620.0,34657.0,武夷花园,20,120,5
98.96,南 北,精装,高楼层(共25层),板塔结合,475.0,48000.0,临河里,2,60,4
101.04,南 北,精装,顶层(共10层) ,板楼,630.0,62352.0,九棵树(家乐福),4,90,5
90.29,南 北,简装,中楼层(共11层) ,板楼,429.0,47514.0,武夷花园,4,150,3
91.07,南 北,简装,低楼层(共14层),板楼,299.0,32832.0,临河里,63,90,3
98.27,南 北,简装,中楼层(共6层) ,板楼,290.0,29511.0,武夷花园,5,30,4
96.37,西南,精装,15层,板楼,210.0,21792.0,马驹桥,29,90,3
103.44,南 北,简装,中楼层(共18层),板楼,320.0,30936.0,果园,3,30,4
93.37,南 北,其他,高楼层(共10层),板塔结合,390.0,41770.0,潞苑,0,24,3
104.86,南 北,其他,中楼层(共28层),板楼,346.0,32997.0,通州其它,12,90,5
102.12,南 北,简装,高楼层(共6层),板楼,410.0,40149.0,万达,9,240,5
151.49,南 北,其他,高楼层(共11层),塔楼,558.0,36835.0,武夷花园,13,30,4
103.61,南 北,精装,顶层(共6层),板楼,259.0,24998.0,北关,5,90,3
97.03,南,其他,15层,板楼,230.0,23705.0,马驹桥,4,60,3
103.44,南 北,简装,中楼层(共18层),板楼,330.0,31903.0,果园,7,150,4
98.63,南 北,精装,低楼层(共17层),板楼,499.0,50594.0,通州北苑,3,210,3
94.24,南 北,精装,中楼层(共11层) ,板楼,398.0,42233.0,九棵树(家乐福),21,365,3
104.85,南 北,简装,低楼层(共6层),板楼,298.0,28422.0,潞苑,0,15,4
98.86,南 北,精装,低楼层(共18层),板楼,460.0,46531.0,通州北苑,3,90,4
92.46,南,毛坯,35层,板塔结合,450.0,48670.0,武夷花园,65,120,4
91.47,南,精装,26层,板楼,485.0,53023.0,九棵树(家乐福),21,150,3
103.61,南,简装,底层(共11层),板楼,458.0,44205.0,武夷花园,16,30,4
98.2,南 北,简装,低楼层(共6层) ,板楼,410.0,41752.0,万达,17,300,4
92.94,南 北,简装,底层(共13层),板楼,335.0,36045.0,梨园,6,120,3
107.21,南 北,其他,高楼层(共12层) ,板楼,388.0,36191.0,临河里,6,270,4
90.18,西南,其他,高楼层(共6层),板楼,260.0,28832.0,潞苑,3,60,3
107.0,南 北,简装,低楼层(共26层),板楼,300.0,28038.0,通州其它,34,330,4
151.53,南 北,精装,高楼层(共21层),板楼,916.0,60451.0,临河里,5,240,5
92.27,南 北,精装,中楼层(共27层) ,板楼,510.0,55273.0,九棵树(家乐福),2,60,5
93.11,南 北,精装,14层,板楼,245.0,26313.0,马驹桥,2,30,3
97.24,南,其他,15层,板楼,260.0,26738.0,马驹桥,6,90,3
107.71,南 北,其他,底层(共27层),板楼,280.0,25996.0,通州其它,16,60,4
92.31,南 北,精装,顶层(共6层) ,板楼,228.0,24700.0,马驹桥,8,30,3
90.13,南,精装,15层,板楼,290.0,32176.0,临河里,22,120,3
90.4,南 北,简装,8层 ,板楼,365.0,40377.0,临河里,10,30,3
90.94,南 北,简装,顶层(共6层),板楼,199.0,21883.0,马驹桥,21,90,4
91.25,南 北,简装,底层(共9层),板楼,390.0,42740.0,九棵树(家乐福),24,240,3
96.69,南 北,简装,5层 ,板楼,368.0,38060.0,通州北苑,3,90,4
104.16,南 北,简装,中楼层(共8层) ,板楼,275.0,26402.0,通州其它,47,90,4
185.59,南 北,其他,4层 ,板楼,830.0,44723.0,马驹桥,2,20,5
90.26,南,简装,底层(共21层) ,板楼,270.0,29914.0,通州其它,26,180,3
104.58,南 北,精装,低楼层(共31层),板楼,425.0,40639.0,通州北苑,9,150,4
95.83,南 北,精装,底层(共18层) ,板楼,530.0,55307.0,通州北苑,11,180,4
90.34,南,精装,高楼层(共18层),板楼,515.0,57007.0,九棵树(家乐福),11,90,4
92.79,南 北,其他,高楼层(共6层),板楼,389.0,41923.0,武夷花园,3,270,4
91.22,南 北,其他,28层,板塔结合,340.0,37273.0,临河里,16,365,4
92.93,南 北,毛坯,中楼层(共27层) ,板塔结合,140.0,15066.0,通州其它,28,300,4
99.91,南 北,简装,中楼层(共6层),板楼,290.0,29027.0,马驹桥,4,60,4
98.3,南 北,其他,顶层(共8层) ,板楼,320.0,32554.0,通州其它,3,30,4
105.0,东 西,简装,中楼层(共10层),板楼,368.0,35048.0,潞苑,0,60,4
93.31,东,精装,低楼层(共24层) ,塔楼,379.0,40618.0,通州北苑,9,180,3
100.52,南 北,简装,底层(共7层),板楼,430.0,42778.0,潞苑,14,180,4
109.02,南 北,简装,高楼层(共9层) ,板楼,480.0,44029.0,通州北苑,28,180,4
92.31,南 北,简装,中楼层(共6层),板楼,258.0,27950.0,马驹桥,6,30,3
109.21,南 北,简装,顶层(共21层) ,板塔结合,368.0,33697.0,马驹桥,2,210,4
92.32,南 北,简装,高楼层(共12层) ,板楼,462.0,50044.0,临河里,25,365,5
95.78,南 北,简装,顶层(共7层),板楼,278.0,29025.0,梨园,2,30,4
94.86,南 北,精装,顶层(共6层) ,板楼,360.0,37951.0,万达,15,150,5
150.92,南 北,精装,22层,板塔结合,738.0,48901.0,临河里,7,300,4
103.79,南 北,其他,中楼层(共8层) ,板楼,340.0,32759.0,通州其它,3,180,4
92.25,南 北,精装,低楼层(共27层),板楼,485.0,52575.0,九棵树(家乐福),3,60,4
91.57,南 北,精装,顶层(共6层) ,板楼,294.0,32107.0,玉桥,8,150,3
93.31,东 西,简装,低楼层(共10层) ,板塔结合,285.0,30544.0,潞苑,22,60,4
155.02,南 北,其他,底层(共5层),板楼,369.0,23804.0,通州其它,1,14,4
98.63,东南,精装,顶层(共28层),板塔结合,319.0,32344.0,梨园,18,90,3
106.35,南 北,精装,中楼层(共4层),板楼,355.0,33381.0,潞苑,0,30,4
92.89,南 北,其他,顶层(共6层),板楼,248.0,26699.0,马驹桥,0,21,4
101.13,南 北,其他,底层(共6层) ,板楼,335.0,33126.0,马驹桥,4,300,3
90.79,东北,其他,30层,板塔结合,428.0,47142.0,武夷花园,2,24,3
107.0,南 北,简装,低楼层(共6层) ,板塔结合,405.0,37851.0,武夷花园,77,210,4
90.88,东 南 北,精装,高楼层(共27层),板塔结合,521.0,57329.0,万达,14,120,3
93.68,南,其他,顶层(共10层),板楼,320.0,34159.0,潞苑,9,120,4
158.8,南 北,其他,地下室(共4层),板楼,750.0,47230.0,马驹桥,1,31,5
106.22,南 北,其他,中楼层(共11层),板楼,399.0,37564.0,临河里,4,8,4
98.57,南 北,精装,低楼层(共11层),板塔结合,410.0,41595.0,九棵树(家乐福),14,60,4
90.33,南 北,精装,15层,板塔结合,340.0,37640.0,九棵树(家乐福),1,19,3
90.74,东 西,简装,顶层(共6层),板楼,276.0,30417.0,通州北苑,1,90,3
100.91,南,精装,低楼层(共11层),板楼,318.0,31514.0,马驹桥,1,60,4
90.18,南 北,其他,顶层(共6层),板楼,203.0,22511.0,通州北苑,3,28,3
105.92,南 北,精装,中楼层(共10层),板楼,493.0,46545.0,通州北苑,5,30,4
100.52,西,简装,高楼层(共18层),塔楼,340.0,33825.0,万达,2,60,3
104.15,南 北,简装,顶层(共6层) ,板楼,290.0,27845.0,万达,9,210,3
102.69,南 北,简装,高楼层(共6层) ,板楼,435.0,42361.0,北关,2,90,4
99.23,南 北,精装,中楼层(共5层),板楼,548.0,55226.0,武夷花园,4,18,4
96.9,南 北,简装,中楼层(共6层) ,板楼,360.0,37152.0,乔庄,0,60,3
93.16,南 北,简装,中楼层(共10层) ,板塔结合,358.0,38429.0,潞苑,8,90,3
102.72,南 北,简装,高楼层(共11层),板楼,468.0,45561.0,武夷花园,15,180,4
98.88,南 北,简装,中楼层(共6层) ,板楼,399.0,40352.0,通州北苑,3,60,4
109.0,南 北,其他,5层 ,板楼,330.0,30276.0,马驹桥,0,30,3
101.38,南 北,简装,中楼层(共6层),板楼,333.0,32847.0,通州北苑,1,30,3
90.12,东南,简装,中楼层(共27层),塔楼,323.0,35842.0,九棵树(家乐福),13,365,3
91.76,南 北,简装,高楼层(共12层),板楼,469.0,51112.0,临河里,20,180,4
93.13,南 北,简装,低楼层(共12层),板楼,449.0,48213.0,临河里,21,150,4
91.33,西南,其他,底层(共25层) ,塔楼,280.0,30659.0,北关,1,210,3
104.63,南 北,简装,中楼层(共6层) ,板楼,520.0,49699.0,玉桥,18,150,5
103.71,南 北,简装,低楼层(共9层) ,板楼,387.0,37316.0,通州北苑,2,30,3
151.73,南 北,精装,中楼层(共11层),板塔结合,620.0,40863.0,九棵树(家乐福),1,60,5
160.07,南 北,简装,顶层(共9层) ,板楼,480.0,29987.0,通州北苑,42,150,5
92.57,东南,简装,15层 ,板楼,230.0,24847.0,马驹桥,3,60,3
95.56,西北,精装,15层 ,板楼,198.0,20720.0,马驹桥,16,30,3
109.12,南 北,其他,底层(共5层) ,板楼,315.0,28868.0,马驹桥,4,30,3
100.91,南,精装,中楼层(共11层),板楼,298.0,29532.0,马驹桥,2,150,3
102.5,南 北,其他,中楼层(共8层) ,板楼,330.0,32196.0,通州其它,6,90,4
158.7,南 北,精装,中楼层(共4层) ,板楼,598.0,37682.0,马驹桥,7,330,5
101.08,南,简装,顶层(共10层) ,板塔结合,360.0,35616.0,潞苑,12,365,3
95.29,南 北,简装,低楼层(共6层) ,板楼,330.0,34632.0,通州北苑,5,30,4
102.52,南 北,精装,高楼层(共8层),板楼,360.0,35116.0,通州其它,1,60,4
94.44,南 北,简装,中楼层(共7层) ,板楼,320.0,33884.0,万达,3,20,4
102.25,南 北,简装,中楼层(共31层),板楼,399.0,39023.0,通州北苑,53,180,4
99.6,南,精装,低楼层(共32层) ,板楼,520.0,52209.0,武夷花园,2,29,3
91.71,南 北,其他,中楼层(共8层) ,板楼,180.0,19628.0,通州其它,0,31,4
98.17,南 北,精装,顶层(共6层),板楼,265.0,26994.0,乔庄,1,30,4
100.86,南 北,精装,低楼层(共11层) ,板楼,175.0,17351.0,通州其它,37,210,4
96.3,南 北,精装,低楼层(共28层),板塔结合,380.0,39461.0,临河里,10,60,3
107.0,南 北,简装,底层(共6层) ,板塔结合,468.0,43739.0,武夷花园,18,365,4
90.55,南 北,精装,高楼层(共6层),板楼,325.0,35892.0,乔庄,2,90,3
90.01,南 北,简装,低楼层(共6层),板楼,330.0,36663.0,梨园,11,30,3
104.31,南 北,简装,高楼层(共31层),板楼,460.0,44100.0,通州北苑,8,90,4
91.69,南 北,简装,高楼层(共6层) ,板楼,310.0,33810.0,通州其它,3,210,3
91.93,北 南,简装,高楼层(共11层),板楼,328.0,35680.0,九棵树(家乐福),9,270,3
101.77,南 北,精装,低楼层(共15层),板塔结合,420.0,41270.0,梨园,1,180,3
90.51,南 北,精装,中楼层(共9层) ,板楼,480.0,53033.0,通州其它,3,30,4
98.27,南 北,其他,高楼层(共6层),板楼,400.0,40705.0,九棵树(家乐福),5,150,3
94.12,南 北,其他,底层(共6层),板楼,417.0,44306.0,北关,26,365,4
101.77,南 北,其他,顶层(共8层) ,板楼,378.0,37143.0,通州其它,16,210,5
93.07,南,其他,14层,板楼,239.0,25680.0,马驹桥,3,60,3
101.41,南 北,精装,中楼层(共12层),板楼,330.0,32542.0,临河里,26,90,3
150.47,南 北,精装,低楼层(共32层) ,板楼,715.0,47518.0,武夷花园,46,365,5
96.47,西南,精装,中楼层(共28层),板塔结合,418.0,43330.0,梨园,4,90,3
98.86,南 北,精装,7层 ,板楼,233.0,23569.0,马驹桥,7,30,3
109.22,南 北,简装,低楼层(共10层) ,板楼,465.0,42575.0,通州北苑,10,150,4
90.28,南,精装,18层,板楼,368.0,40763.0,临河里,13,60,3
99.38,南 北,简装,顶层(共10层),板塔结合,430.0,43269.0,乔庄,4,19,4
152.07,东,精装,底层(共10层),板塔结合,385.0,25318.0,潞苑,10,150,4
93.94,南 北,精装,低楼层(共12层),板楼,422.8,45008.0,武夷花园,7,30,3
100.93,南,简装,低楼层(共31层),板楼,370.0,36660.0,通州北苑,4,30,3
97.05,南 北,精装,低楼层(共12层),板楼,410.0,42247.0,临河里,6,365,3
166.22,南 北,精装,中楼层(共7层),板楼,598.0,35977.0,果园,13,270,5
93.38,南 北,其他,顶层(共6层),板楼,245.0,26237.0,马驹桥,1,8,4
90.46,东南,精装,中楼层(共27层) ,板塔结合,465.0,51404.0,临河里,32,365,4
177.2,南 北,其他,高楼层(共26层),板塔结合,850.0,47969.0,临河里,5,30,5
106.77,南 北,精装,中楼层(共7层) ,板楼,398.0,37277.0,北关,31,120,4
93.09,南 北,其他,中楼层(共27层),板楼,380.0,40821.0,临河里,35,210,4
90.59,西 南,精装,低楼层(共24层),板塔结合,585.0,64577.0,万达,20,270,3
96.73,南 北,简装,11层,板塔结合,298.0,30808.0,九棵树(家乐福),3,31,4
94.14,南 北,精装,中楼层(共6层),板楼,280.0,29743.0,潞苑,3,30,4
106.68,南 北,精装,高楼层(共6层) ,板楼,365.0,34215.0,九棵树(家乐福),9,180,5
91.87,南 北,简装,顶层(共6层) ,板楼,360.0,39186.0,通州北苑,1,29,4
155.2,南 北,精装,高楼层(共18层),板塔结合,450.0,28995.0,马驹桥,0,30,4
96.38,南 北,精装,高楼层(共6层),板楼,335.0,34759.0,万达,2,30,3
91.28,北 南,简装,底层(共18层),板楼,379.0,41521.0,玉桥,1,8,3
97.1,南 北,精装,高楼层(共13层),板塔结合,458.0,47168.0,梨园,2,13,3
102.82,南 北,精装,顶层(共6层) ,板楼,398.0,38709.0,果园,1,90,5
151.63,东,精装,底层(共10层),板楼,360.0,23743.0,潞苑,22,120,3
107.42,南 北,精装,中楼层(共7层),板楼,395.0,36772.0,北关,44,120,4
90.4,南 北,精装,6层 ,板楼,305.0,33739.0,万达,2,12,5
93.84,南 北,其他,中楼层(共6层),板楼,310.0,33035.0,潞苑,3,60,4
103.7,南 北,精装,低楼层(共10层),板塔结合,469.0,45227.0,玉桥,1,30,4
98.46,南 北,精装,高楼层(共6层) ,板楼,350.0,35548.0,九棵树(家乐福),5,30,4
109.45,南,精装,中楼层(共31层),板楼,585.0,53450.0,九棵树(家乐福),9,120,3
92.22,南 北,简装,高楼层(共29层),板楼,289.0,31339.0,临河里,13,120,4
98.68,南,简装,低楼层(共21层),板塔结合,460.0,46616.0,梨园,1,30,3
109.11,南 北,其他,高楼层(共6层),板楼,335.0,30703.0,马驹桥,15,150,3
106.3,南 北,精装,高楼层(共7层),板楼,336.0,31609.0,果园,4,90,4
108.75,东 北,精装,中楼层(共7层),板楼,339.0,31173.0,万达,13,210,4
90.42,南 北,简装,6层 ,板楼,319.0,35280.0,万达,1,150,4
152.76,南,简装,11层,板楼,550.0,36005.0,果园,17,90,5
107.15,南 北,其他,中楼层(共6层) ,板楼,370.0,34532.0,马驹桥,4,120,4
101.38,南 北,精装,中楼层(共6层),板楼,380.0,37483.0,通州北苑,0,17,3
106.56,南,精装,顶层(共6层),板楼,309.0,28998.0,万达,7,60,5
106.58,东 西,精装,低楼层(共6层) ,板楼,326.0,30588.0,万达,11,120,4
95.12,南 北,精装,低楼层(共21层),板楼,399.0,41948.0,潞苑,6,30,3
109.31,南 北,精装,中楼层(共6层),板楼,409.0,37417.0,梨园,5,60,4
100.19,东南,精装,低楼层(共19层),塔楼,365.0,36431.0,梨园,4,30,4
98.88,南 北,精装,中楼层(共6层) ,板楼,387.0,39139.0,通州北苑,11,210,4
99.3,南,精装,低楼层(共23层) ,板楼,469.0,47231.0,九棵树(家乐福),6,90,4
90.31,南 西 北,简装,中楼层(共15层) ,板塔结合,510.0,56473.0,玉桥,2,9,4
94.09,东 西,简装,低楼层(共11层),板塔结合,379.0,40281.0,万达,9,150,4
96.49,南 北,其他,高楼层(共6层),板楼,290.0,30055.0,临河里,1,30,4
91.48,南,精装,27层,板楼,515.0,56297.0,九棵树(家乐福),1,90,3
92.04,东 西,精装,低楼层(共27层),板塔结合,400.0,43460.0,临河里,2,30,3
102.4,南 北,简装,顶层(共7层) ,板楼,350.0,34180.0,临河里,56,60,3
99.77,南,精装,低楼层(共25层) ,板楼,559.0,56029.0,武夷花园,6,210,4
92.91,西 南 北,简装,低楼层(共26层),板楼,335.0,36057.0,临河里,6,180,4
109.03,南 北,其他,5层,板楼,330.0,30267.0,马驹桥,4,60,4
94.06,南 北,简装,顶层(共6层) ,板楼,279.0,29662.0,潞苑,6,22,3
90.6,南,精装,中楼层(共27层) ,板塔结合,443.0,48897.0,临河里,24,365,3
97.16,南,其他,10层,板塔结合,369.0,37979.0,潞苑,6,120,3
166.74,南 北,简装,高楼层(共9层) ,板楼,650.0,38983.0,北关,28,120,5
99.96,南 北,简装,中楼层(共6层) ,板楼,370.0,37015.0,九棵树(家乐福),7,240,4
164.68,南 北,简装,顶层(共6层),板楼,628.0,38135.0,果园,3,120,6
92.36,南,简装,顶层(共12层),板塔结合,438.0,47424.0,梨园,2,120,3
102.16,南 北,简装,高楼层(共6层),板楼,380.0,37197.0,北关,38,300,3
102.76,南 北,精装,中楼层(共6层),板楼,381.0,37077.0,潞苑,5,365,3
100.71,南 北,精装,中楼层(共6层) ,板楼,379.0,37633.0,通州北苑,11,90,3
109.18,南 北,精装,低楼层(共6层) ,板楼,479.0,43873.0,梨园,6,120,3
96.6,南 北,精装,中楼层(共15层) ,板楼,369.0,38199.0,梨园,10,180,3
96.7,西北,简装,中楼层(共28层),塔楼,370.0,38263.0,万达,13,365,3
95.51,西南,精装,高楼层(共24层) ,板塔结合,439.0,45964.0,临河里,3,60,4
108.64,南,精装,20层 ,板楼,335.0,30836.0,马驹桥,4,120,4
99.22,南,精装,11层,板楼,369.0,37191.0,马驹桥,1,210,4
93.29,南 北,其他,中楼层(共11层),板楼,390.0,41806.0,马驹桥,3,30,5
90.09,南 北,精装,地下室(共6层),板楼,175.0,19426.0,北关,2,90,3
92.52,南 北,简装,低楼层(共7层) ,板楼,379.0,40965.0,果园,11,120,3
95.17,南 北,简装,高楼层(共6层),板楼,360.0,37828.0,九棵树(家乐福),2,120,4
105.9,南 北,简装,高楼层(共6层) ,板楼,380.0,35883.0,九棵树(家乐福),2,300,4
153.97,南 北,简装,顶层(共6层),板楼,480.0,31175.0,通州北苑,16,150,5
91.48,南,精装,27层 ,板楼,540.0,59030.0,九棵树(家乐福),0,31,4
101.81,东南,简装,高楼层(共28层),塔楼,368.0,36146.0,万达,7,60,4
105.82,北 南,精装,中楼层(共13层) ,板楼,360.0,34021.0,北关,15,90,5
100.93,南,其他,低楼层(共31层),板楼,368.0,36461.0,通州北苑,9,18,3
100.59,南 西,简装,中楼层(共6层),板楼,306.0,30421.0,通州北苑,4,90,3
166.6,南 北,毛坯,中楼层(共6层),板楼,948.0,56903.0,九棵树(家乐福),11,180,4
90.1,东 西,精装,中楼层(共18层),板塔结合,356.0,39512.0,梨园,5,60,3
95.72,东,精装,高楼层(共15层),板塔结合,378.0,39491.0,梨园,2,60,3
105.87,东 西,毛坯,中楼层(共21层) ,板塔结合,360.0,34004.0,潞苑,9,240,5
105.38,南 北,精装,底层(共7层) ,板楼,350.0,33214.0,乔庄,3,150,4
108.62,南,精装,低楼层(共31层),板楼,530.0,48794.0,九棵树(家乐福),3,29,3
91.09,东南,精装,中楼层(共27层),板塔结合,399.0,43803.0,临河里,16,120,3
90.86,南 北,简装,低楼层(共6层),板楼,258.0,28396.0,九棵树(家乐福),34,150,3
100.11,南 北,简装,中楼层(共6层) ,板楼,359.0,35861.0,九棵树(家乐福),29,300,4
94.64,南 北,简装,底层(共7层),板楼,429.0,45330.0,潞苑,24,240,4
91.48,南,精装,低楼层(共27层),板塔结合,445.0,48645.0,临河里,20,365,3
95.2,南 北,精装,中楼层(共7层) ,板楼,505.0,53047.0,北关,3,14,3
153.77,南 北,简装,中楼层(共7层) ,板楼,530.0,34468.0,北关,5,27,5
95.41,南,简装,中楼层(共10层),板塔结合,358.0,37523.0,潞苑,12,150,3
150.92,南 北,精装,中楼层(共25层),板塔结合,860.0,56984.0,武夷花园,0,13,5
108.24,西南,精装,低楼层(共15层),板楼,346.0,31967.0,通州其它,28,120,4
93.23,南 北,精装,14层,板楼,240.0,25743.0,马驹桥,0,30,3
90.64,南 北,简装,低楼层(共12层),板楼,458.0,50530.0,临河里,9,120,4
170.63,东 南 北,简装,顶层(共6层) ,板楼,420.0,24615.0,潞苑,7,180,5
97.24,东 西,精装,低楼层(共9层) ,板塔结合,290.0,29824.0,潞苑,6,29,3
101.86,南 北,简装,中楼层(共6层) ,板楼,320.0,31416.0,潞苑,1,26,4
100.77,南,其他,顶层(共10层),板塔结合,420.0,41680.0,潞苑,2,30,5
91.17,南,简装,低楼层(共14层),板楼,355.0,38939.0,临河里,14,120,4
169.78,南 北,简装,高楼层(共6层) ,板楼,490.0,28861.0,北关,1,7,6
93.28,南 北,简装,高楼层(共10层),板塔结合,339.0,36343.0,潞苑,5,120,3
90.29,南 北,精装,中楼层(共11层) ,板楼,428.0,47403.0,武夷花园,6,30,3
92.27,南 北,简装,低楼层(共6层),板楼,279.0,30238.0,北关,22,90,3
90.84,南 北,其他,14层,板楼,225.0,24769.0,马驹桥,1,60,3
98.9,南,其他,10层,板楼,360.0,36401.0,马驹桥,1,20,4
100.43,南,精装,顶层(共11层),板塔结合,385.0,38336.0,九棵树(家乐福),22,150,4
95.11,南 北,精装,高楼层(共6层) ,板楼,310.0,32594.0,九棵树(家乐福),0,4,4
97.43,南 北,简装,顶层(共12层),板楼,289.0,29663.0,马驹桥,1,12,3
100.74,南 北,简装,顶层(共6层),板楼,290.0,28787.0,马驹桥,5,365,3
160.11,南 北,其他,10层,板楼,570.0,35601.0,马驹桥,1,30,5
98.54,南 北,简装,高楼层(共25层),板塔结合,419.0,42521.0,临河里,4,30,4
91.9,东 西,精装,低楼层(共27层),板塔结合,409.0,44505.0,临河里,1,12,3
181.78,南 北,精装,低楼层(共36层),板楼,900.0,49511.0,万达,1,7,5
94.34,南 北,简装,高楼层(共12层) ,板楼,315.0,33390.0,临河里,19,150,3
100.53,南 北,简装,中楼层(共6层) ,板楼,370.0,36805.0,万达,17,90,5
106.86,南 北,简装,6层,板楼,305.0,28543.0,马驹桥,2,20,5
95.78,南 北,简装,中楼层(共12层),板楼,330.0,34454.0,临河里,14,365,4
103.5,南 北,简装,中楼层(共7层) ,板楼,310.0,29952.0,北关,23,240,4
166.77,南 北,精装,高楼层(共6层) ,板楼,440.0,26384.0,潞苑,5,300,5
99.31,南 北,简装,高楼层(共6层) ,板楼,295.0,29705.0,潞苑,0,30,4
99.63,南 北,其他,底层(共6层) ,板楼,369.0,37038.0,潞苑,4,120,4
150.69,南 北,简装,顶层(共6层),板楼,370.0,24554.0,潞苑,2,18,6
100.19,南 北,其他,低楼层(共6层) ,板楼,336.0,33537.0,北关,15,30,5
98.47,南 北,精装,中楼层(共13层),板楼,560.0,56871.0,通州其它,13,180,4
97.29,南 北,精装,中楼层(共15层),板塔结合,545.0,56019.0,通州其它,28,120,5
101.16,南 北,精装,中楼层(共6层) ,板楼,320.0,31634.0,北关,4,30,4
95.36,南 北,精装,底层(共15层),板塔结合,395.0,41422.0,梨园,23,150,3
90.58,南 北,精装,低楼层(共6层),板楼,285.0,31464.0,梨园,5,90,3
92.04,东 西,精装,高楼层(共27层),板塔结合,399.0,43351.0,临河里,9,90,4
151.2,南 北,精装,底层(共20层),板楼,550.0,36376.0,临河里,72,365,4
107.45,南 北,精装,顶层(共6层),板楼,300.0,27920.0,马驹桥,7,150,5
91.99,东 西,精装,高楼层(共22层),板塔结合,416.0,45223.0,临河里,3,18,4
95.03,南 北,简装,14层 ,板楼,228.0,23993.0,马驹桥,5,13,3
95.92,南 北,简装,低楼层(共15层) ,板楼,319.0,33257.0,梨园,20,150,4
91.17,南,简装,低楼层(共14层),板楼,336.0,36855.0,临河里,20,90,3
90.57,南 北,简装,高楼层(共22层),板塔结合,320.0,35332.0,潞苑,5,28,4
99.44,南 北,简装,中楼层(共6层) ,板楼,420.0,42237.0,万达,17,150,4
91.42,南 北,精装,顶层(共18层),板楼,538.0,58850.0,万达,11,120,3
94.0,东 西,精装,中楼层(共10层) ,板塔结合,310.0,32979.0,潞苑,12,90,4
105.88,南 北,精装,顶层(共6层) ,板楼,342.0,32301.0,玉桥,3,30,4
102.24,南 北,精装,高楼层(共6层) ,板楼,450.0,44015.0,北关,2,6,4
104.85,南 北,简装,中楼层(共6层),板楼,290.0,27659.0,潞苑,0,60,5
92.99,东,简装,低楼层(共18层),塔楼,320.0,34413.0,万达,1,60,3
104.68,南 北,精装,高楼层(共6层),板楼,280.0,26749.0,潞苑,5,150,4
95.5,南 北,精装,顶层(共15层) ,板楼,336.0,35184.0,梨园,6,60,4
96.85,南,其他,20层 ,板楼,350.0,36139.0,马驹桥,3,210,3
91.49,东南,精装,中楼层(共27层),板塔结合,399.0,43612.0,临河里,1,12,5
90.41,南 北,简装,顶层(共5层) ,板楼,269.0,29754.0,果园,3,90,3
91.99,南,精装,高楼层(共9层) ,板塔结合,490.0,53267.0,玉桥,1,28,3
91.99,南,精装,中楼层(共9层) ,板塔结合,430.0,46745.0,玉桥,0,60,3
97.66,东南,精装,低楼层(共24层),塔楼,328.0,33586.0,通州北苑,3,60,3
101.85,南 北,精装,低楼层(共11层),板楼,315.0,30928.0,马驹桥,0,30,3
94.01,南 北,其他,顶层(共6层),板楼,400.0,42549.0,九棵树(家乐福),12,240,4
98.19,南 北,简装,低楼层(共14层) ,板楼,338.0,34424.0,临河里,2,29,3
91.02,南 北,简装,中楼层(共12层) ,板楼,418.0,45924.0,武夷花园,2,13,3
92.43,南 北,简装,35层,板塔结合,396.0,42844.0,武夷花园,22,60,4
100.97,西 北,简装,高楼层(共14层) ,板楼,235.0,23275.0,马驹桥,0,28,4
90.46,南 北,其他,中楼层(共6层) ,板楼,299.0,33054.0,梨园,5,90,3
109.9,西 南 北,其他,中楼层(共6层),板楼,338.0,30756.0,北关,36,365,4
90.95,南,精装,中楼层(共27层),板塔结合,419.0,46070.0,临河里,10,180,3
104.96,南 北,简装,中楼层(共6层) ,板楼,485.0,46209.0,武夷花园,70,365,4
90.53,南 北 东,精装,顶层(共8层),板塔结合,410.0,45289.0,通州其它,10,31,4
91.4,南 北,简装,中楼层(共6层) ,板楼,338.0,36981.0,万达,0,90,4
96.01,南 北,简装,中楼层(共4层),板楼,146.0,15207.0,通州其它,3,30,3
96.01,南 北,精装,顶层(共4层) ,板楼,145.0,15103.0,通州其它,5,120,3
95.0,东南,精装,高楼层(共23层) ,塔楼,319.0,33579.0,北关,5,120,3
91.56,南 北,精装,低楼层(共21层),板楼,338.0,36916.0,潞苑,14,60,4
99.49,南,简装,低楼层(共18层),板楼,456.0,45834.0,玉桥,31,90,5
92.99,东南,简装,低楼层(共23层) ,塔楼,285.0,30649.0,北关,4,120,4
101.61,南 北,精装,中楼层(共7层) ,板楼,418.0,41138.0,果园,4,180,4
103.97,东北,简装,低楼层(共24层),塔楼,340.0,32702.0,武夷花园,3,150,3
96.02,西北,精装,高楼层(共26层),塔楼,320.0,33327.0,北关,1,23,3
104.85,南 北,简装,顶层(共6层) ,板楼,226.0,21555.0,潞苑,12,150,5
155.3,南 北,其他,顶层(共6层),板楼,480.0,30908.0,北关,7,365,5
90.28,南 北,简装,顶层(共28层),板塔结合,328.0,36332.0,潞苑,2,30,4
107.04,东北,简装,高楼层(共25层) ,塔楼,355.0,33166.0,北关,2,365,4
107.19,南 北,精装,中楼层(共21层) ,板楼,420.0,39183.0,潞苑,8,90,5
100.25,南 北,简装,顶层(共8层),板楼,535.0,53367.0,武夷花园,54,365,4
92.48,南 北,其他,6层,板楼,330.0,35684.0,九棵树(家乐福),0,12,4
98.35,南 北,简装,中楼层(共6层) ,板楼,316.0,32131.0,梨园,4,60,3
96.79,南 北,精装,中楼层(共7层) ,板塔结合,348.0,35955.0,潞苑,10,300,3
96.36,东 北,简装,低楼层(共20层),塔楼,315.0,32690.0,梨园,14,120,4
99.42,东 西,其他,底层(共10层) ,板楼,375.0,37719.0,潞苑,0,18,4
100.86,南,精装,高楼层(共26层),板楼,419.0,41543.0,通州北苑,12,240,3
100.14,南 北,精装,高楼层(共6层),板楼,321.0,32056.0,梨园,2,30,3
104.86,南 北,精装,28层,板塔结合,520.0,49590.0,通州北苑,59,240,4
90.97,南 北,精装,中楼层(共28层),板塔结合,360.0,39574.0,潞苑,1,90,4
96.39,南 北,精装,中楼层(共10层) ,板楼,265.0,27493.0,通州其它,11,150,5
95.73,南 北,简装,中楼层(共7层),板楼,410.0,42829.0,武夷花园,35,180,3
151.2,西南,精装,高楼层(共41层) ,塔楼,475.0,31416.0,万达,2,30,4
92.93,南 北,精装,6层,板楼,350.0,37663.0,九棵树(家乐福),5,90,4
176.39,西,其他,高楼层(共42层),板塔结合,700.0,39685.0,北关,43,365,5
90.48,西南,精装,低楼层(共27层),塔楼,360.0,39788.0,临河里,34,90,4
93.12,南 北,精装,高楼层(共7层),板楼,280.0,30069.0,通州其它,24,150,4
92.29,南 北,简装,6层,板楼,350.0,37924.0,九棵树(家乐福),2,60,3
95.24,南 北,精装,低楼层(共21层),板塔结合,399.0,41895.0,梨园,13,150,3
92.99,东南,简装,高楼层(共23层),塔楼,270.0,29036.0,北关,17,210,3
103.28,南 北,简装,中楼层(共5层),板楼,535.0,51801.0,武夷花园,12,270,4
96.44,南 北,精装,高楼层(共6层),板楼,318.0,32974.0,梨园,6,180,3
92.25,南 北,简装,中楼层(共27层),板楼,530.0,57453.0,九棵树(家乐福),7,180,4
91.59,南,精装,中楼层(共16层),板楼,365.0,39852.0,临河里,6,27,3
92.93,北 南,精装,低楼层(共12层) ,板楼,518.0,55741.0,临河里,1,60,5
95.49,南 北,简装,中楼层(共6层) ,板楼,219.0,22935.0,马驹桥,5,30,4
97.29,南 北,简装,中楼层(共12层),板楼,295.0,30322.0,马驹桥,3,25,3
190.62,南 北,精装,26层 ,板楼,1250.0,65576.0,玉桥,0,60,5
94.13,南 北,简装,中楼层(共6层) ,板楼,428.0,45470.0,万达,5,30,3
90.19,北 南,精装,高楼层(共6层) ,板楼,165.0,18295.0,通州其它,2,60,4
90.4,南 北,精装,9层 ,板楼,389.0,43031.0,临河里,25,90,4
108.37,东北,精装,高楼层(共25层),塔楼,309.0,28514.0,北关,4,30,4
94.85,南,简装,低楼层(共15层),板楼,360.0,37955.0,梨园,52,180,4
105.88,东 西,精装,高楼层(共21层) ,板塔结合,299.0,28240.0,潞苑,29,60,4
91.64,南,简装,35层,板楼,450.0,49106.0,武夷花园,4,30,3
90.89,南 北,精装,低楼层(共18层) ,板楼,420.0,46210.0,通州其它,25,365,4
93.69,南 北,简装,中楼层(共7层) ,板楼,299.0,31914.0,万达,8,90,4
108.63,南 北,其他,中楼层(共6层) ,板楼,360.0,33141.0,万达,0,30,3
104.85,南 北,简装,低楼层(共6层) ,板楼,305.0,29090.0,潞苑,0,30,4
99.58,南 北,精装,顶层(共21层),板楼,520.0,52220.0,潞苑,2,30,3
199.85,南 北,简装,顶层(共6层),板楼,530.0,26520.0,潞苑,1,60,6
90.72,南 北,精装,低楼层(共14层),板楼,305.0,33620.0,通州其它,7,330,4
91.57,东 西,精装,14层,板塔结合,225.0,24572.0,马驹桥,1,22,3
90.71,南 西 北,其他,顶层(共28层),板塔结合,320.0,35278.0,潞苑,10,90,4
100.57,南 北,简装,中楼层(共6层) ,板楼,430.0,42757.0,北关,1,24,3
106.34,南 北,其他,顶层(共6层) ,板楼,260.0,24450.0,北关,10,180,4
99.65,南 北,简装,顶层(共6层) ,板楼,310.0,31109.0,北关,0,30,4
96.02,南 北,其他,中楼层(共6层) ,板楼,298.0,31036.0,北关,8,365,4
90.62,南 北,简装,高楼层(共6层),板楼,340.0,37520.0,北关,4,27,4
169.39,南 北,简装,顶层(共4层),板楼,509.0,30049.0,马驹桥,19,90,5
185.62,南 北,简装,4层 ,板楼,750.0,40406.0,马驹桥,3,365,5
92.92,南 北,其他,底层(共6层),板楼,320.0,34439.0,北关,1,30,5
96.87,南 北,简装,5层 ,板楼,310.0,32002.0,万达,4,30,4
91.04,南 北,精装,中楼层(共14层),板楼,382.0,41960.0,临河里,3,240,3
90.71,南,精装,中楼层(共15层) ,板塔结合,305.0,33624.0,九棵树(家乐福),50,60,4
95.89,南 北,精装,中楼层(共7层) ,板楼,399.0,41611.0,北关,10,27,3
91.04,南,毛坯,中楼层(共14层),板楼,320.0,35150.0,通州其它,20,270,4
99.17,东南,其他,中楼层(共26层),塔楼,315.0,31764.0,北关,8,150,3
93.84,南 北,其他,高楼层(共6层),板楼,259.0,27601.0,潞苑,0,30,3
93.13,南 北,简装,中楼层(共7层) ,板楼,310.0,33287.0,北关,27,120,4
105.0,东,其他,中楼层(共10层) ,板楼,310.0,29524.0,潞苑,19,90,4
101.77,南 北,精装,高楼层(共6层),板楼,439.0,43137.0,北关,2,27,3
93.3,西南,其他,中楼层(共20层),板楼,350.0,37514.0,梨园,4,30,4
103.76,南 北,其他,顶层(共6层) ,板楼,259.0,24962.0,临河里,2,60,3
94.22,南 北,其他,底层(共12层),板楼,365.0,38740.0,马驹桥,5,90,4
104.85,南 北,简装,低楼层(共6层) ,板楼,285.0,27182.0,潞苑,5,210,4
105.2,南 北,其他,中楼层(共6层) ,板楼,405.0,38499.0,北关,0,14,3
93.09,南 北,精装,中楼层(共11层) ,板楼,592.0,63595.0,万达,24,120,4
159.88,南 北,简装,中楼层(共14层) ,板楼,720.0,45034.0,九棵树(家乐福),2,15,5
96.47,南 北,精装,中楼层(共6层) ,板楼,450.0,46647.0,武夷花园,4,210,4
95.7,南 北,简装,6层,板楼,270.0,28214.0,潞苑,8,30,3
94.77,南 北,其他,中楼层(共12层),板楼,425.0,44846.0,马驹桥,0,18,5
104.87,南 北,简装,中楼层(共6层) ,板楼,330.0,31468.0,北关,8,365,4
155.57,南 北,精装,高楼层(共18层) ,板塔结合,489.0,31433.0,马驹桥,7,365,4
91.81,南 北,简装,顶层(共6层) ,板楼,280.0,30498.0,梨园,11,365,3
159.36,南 北,简装,中楼层(共5层) ,板楼,530.0,33259.0,马驹桥,2,13,5
100.34,东 南,其他,中楼层(共19层),板塔结合,408.0,40662.0,梨园,9,120,4
107.84,南 北,简装,顶层(共6层),板楼,421.0,39040.0,梨园,5,270,4
109.87,南 北,其他,中楼层(共13层) ,板楼,530.0,48239.0,武夷花园,7,150,4
91.4,南 北,其他,顶层(共6层) ,板楼,290.0,31729.0,万达,3,90,4
100.86,南,精装,顶层(共26层),板楼,400.0,39659.0,通州北苑,5,240,3
98.09,南 北,其他,低楼层(共12层) ,板塔结合,370.0,37721.0,万达,9,120,4
104.32,南 北,简装,中楼层(共6层),板楼,260.0,24924.0,北关,28,365,5
101.78,南 北,精装,高楼层(共6层),板楼,400.0,39301.0,武夷花园,6,90,4
101.66,南,精装,高楼层(共11层) ,板塔结合,364.0,35806.0,潞苑,5,30,3
93.26,东南,简装,中楼层(共23层),板塔结合,268.0,28737.0,北关,10,30,3
95.73,南 北,其他,低楼层(共6层) ,板楼,366.0,38233.0,北关,7,210,5
97.34,南,其他,低楼层(共25层),塔楼,429.0,44073.0,武夷花园,2,11,3
105.73,南 北,精装,中楼层(共5层) ,板楼,499.0,47196.0,武夷花园,8,30,4
